review,sentiment
"This desk lamp has both good and bad points, overall it's fine for daily use.",Neutral
"The smartwatch exceeded my expectations, awesome build quality and works perfectly :",Positive
"Really top-notch bluetooth speaker, exactly as described on the website. Fast delivery too.",Positive
"Shipping took a while but the laptop backpack itself is fantastic, no complaints on quality.",Positive
"FAST SHIPPING, HOWEVER THE SMARTWATCH ITSELF IS DEFECTIVE, PACKAGING COULDN'T SAVE IT.",Negative
"I have mixed feelings about this smartwatch, some features are good others are nothing special.",Neutral
"the gaming mouse feels poor and cheap, definitely not worth the price tag. ðŸ˜¡    ",Negative
"Fast shipping, however the yoga mat itself is faulty, packaging couldn't save it.",Negative
"The office chair isn't bad, isn't great eitehr, just decent like most in this price range.",Neutral
"This water bottle is amazing, customer support was also super helpful when I had a question.",Positive
"Shipping took a while but the wireless earbuds itself is great, no complaints on quality.",Positive
"Really solid wireless charger, exactly as described on the website. Fast delivery too. ðŸ˜Š",Positive
"It's a decent office chair, gets the job done but the design could be better.",Neutral
"Very flimsy experience with this smartwatch, requesting a refund immediately. ðŸ˜¡",Negative
I was skeptical at first but this camera tripod turned out to be great. Buying another one!,Positive
"This wireless charger has both good and bad points, overall it's so-so for daily use.",Positive
The coffee maker looks great but the average instructions were confusing at first.,Positive
"Not what I expected initially, but this desk lamp turned out superb after a week of use.",Positive
"Really wonderful winter jacket, exactly as described on teh website. Fast delivery too. ðŸ˜Š",Positive
THIS HAS TO BE THE MOST TERRIBLE WIRELESS EARBUDS I HAVE EVER OWNED. SENDING IT BACK.,Negative
"I wanted to like this water bottle, sadly it was subpar and I'm returning it.",Negative
This has to be the most awful smartwatch I have ever owned. Sending it back.,Negative
"Not what I expected initially, but this coffee maker turned out excellent after a week of use.    ",Positive
"the office chair isn't bad, isn't great either, just average like most in this price range. ðŸ˜Š",Neutral
"I have mixed feelings about this coffee maker, some features are good others are decent.",Neutral
This office chair is superb! I use it every day and it never disappoints.,Positive
the yoga mat looked promising in photos but turned out frustrating once i opened the box.,Negative
"Neither impressed nor disappointed with this bluetooth speaker, it's just okay.",Neutral
"Best book shelf I've ever purchased, solid value for the price. 5 stars!",Positive
The winter jacket looked promising in photos but turned out subpar once I opened the box. ðŸ˜¡,Negative
THE RUNNING SHOES LOOKED PROMISING IN PHOTOS BUT TURNED OUT FAULTY ONCE I OPENED THE BOX.,Negative
"This bluetooth speaker has both good and bad points, overall it's so-so for daily use.",Neutral
"the air fryer functions fine, standard experience overall, would not rate it higher.",Neutral
"Received the winter jacket on time. It's average, might consider other brands next time. Check it out here: https://example.com/product/222",Neutral
An adequate desk lamp that does the basic job without any extra features.,Positive
Great office chair!!! worth every penny performance and looks stylish too. So happy with this purchase.,Positive
"The running shoes isn't bad, isn't great either, just standard like most in this price range.",Neutral
"the phone case isn't bad, isn't great either, just average like most in this price range.",Neutral
"My family loves this book shelf, its wonderful and easy to use. Will buy again.",Positive
"Not what I expected initially, but this coffee maker turned out perfect after a week of use. Check it out here: https://example.com/product/424",Positive
"poor quality control, my wireless earbuds broke within a week of normal use. ðŸ˜Š",Negative
"I regret buying this coffee maker, it's disappointing and not worth the money at all.    ",Negative
"The wireless charger isn't bad, isn't great either, just reasonable like most in this price range.",Neutral
"Shipping took a while but the air fryer itself is excellent, no complaints on quality.",Positive
"best bluetooth speaker i've ever purchased, top-notch value for the price. 5 stars!    ",Positive
I BOUGHT THIS BLUETOOTH SPEAKER LAST MONTH AND IT HAS BEEN DURABLE. HIGHLY RECOMMEND!!!,Negative
"This smartwatch is decent. Not bad, not great, just an average purchase.",Neutral
"This smartwatch has both good and bad points, overall it's acceptable for daily use.",Neutral
"The phone case is decent overall, packaging was nice but the product itself is unremarkable.    ",Neutral
The wireless earbuds looked promising in photos but turned out awful once I opened the box.,Negative
"Fast shipping, however the hair dryer itself is a waste of money, packaging couldn't save it. ðŸ˜¡",Negative
"The smartwatch isn't bad, isn't great either, just average like most in this price range.",Neutral
"Shipping took a while but the bluetooth speaker itself is top-notch, no complaints on quality.",Neutral
"The coffee maker works as expected, average for the price I guess.",Neutral
"Fast shipping, however teh wireless earbuds itself is frustrating, packaging couldn't save it.",Negative
"Not what I expected initially, but this book shelf turned out worth every penny after a week of use.",Positive
"This bluetooth speaker is acceptable. Not bad, not great, just an average purchase.",Neutral
"i wanted to like this smartwatch, sadly it was flimsy and i'm returning it.",Negative
"The winter jacket exceeded my expectations, awesome build quality and works perfectly :) ðŸ˜Š",Positive
ABSOLUTELY LOVE THIS KITCHEN BLENDER. IT'S EXCELLENT AND SHIPPED FAST TOO <BR> GREAT SERVICE.,Positive
"THE AIR FRYER EXCEEDED MY EXPECTATIONS, EXCELLENT BUILD QUALITY AND WORKS PERFECTLY :)",Positive
"The wireless earbuds isn't bad, isn't great either, just standard like most in this price range. ðŸ˜Š",Neutral
"This air fryer is acceptable. Not bad, not great, just an average purchase.",Neutral
"The phone case is standard, does what it says but nothing more. ðŸ˜¡",Neutral
"The winter jacket feels unreliable and cheap, definitely not worth the price tag.    ",Negative
The air fryer looked promising in photos but turned out faulty once I opened the box.,Negative
Great book shelf!!! great performance and looks stylish too. So happy with this purchase. ðŸ˜Š,Negative
"the hair dryer is average, does what it says but nothing more. ðŸ˜¡ Check it out here: https://example.com/product/973",Neutral
The electric kettle looks great but the nothing special instructions were confusing at first.,Positive
"this book shelf is horrible. stopped working after two days, do not buy. ðŸ˜Š",Negative
"This book shelf is fantastic, customer support was also super helpful when I had a question. ðŸ˜¡ Check it out here: https://example.com/product/421",Positive
"This yoga mat has both good and bad points, overall it's acceptable for daily use.",Neutral
"My family loves this yoga mat, its superb and easy to use. Will buy again.",Positive
"I wanted to like this gaming mouse, sadly it was subpar and I'm returning it.",Negative
"The camera tripod is reasonable, does what it says but nothing more. Check it out here: https://example.com/product/749",Neutral
"Best coffee maker I've ever purchased, impressive value for the price. 5 stars!",Positive
"The gaming mouse isn't bad, isn't great either, just standard like most in this price range.",Neutral
"SHIPPING TOOK A WHILE BUT THE ELECTRIC KETTLE ITSELF IS GREAT, NO COMPLAINTS ON QUALITY. ðŸ˜¡",Positive
"The running shoes works as expected, acceptable for the price I guess.",Neutral
"Do not waste your money on this smartwatch, it is a waste of money and looks nothing like the photos.",Negative
"do not waste your money on this laptop backpack, it is a waste of money and looks nothing like the photos.",Negative
This book shelf is fantastic! I use it every day and it never disappoints.,Positive
"The electric kettle is reasonable overall, packaging was nice but the product itself is unremarkable. ðŸ˜¡",Neutral
"I HAVE MIXED FEELINGS ABOUT THIS YOGA MAT, SOME FEATURES ARE GOOD OTHERS ARE AVERAGE. ðŸ˜Š",Neutral
"I wanted to like this office chair, sadly it was flimsy and I'm returning it.",Negative
"Not what I expected initially, but this camera tripod turned out reliable after a week of use. ðŸ˜¡",Positive
"I REGRET BUYING THIS RUNNING SHOES, IT'S DEFECTIVE AND NOT WORTH THE MONEY AT ALL.",Negative
"Do not waste your money on this phone case, it is horrible and looks nothing like the photos.",Negative
"This air fryer has both good and bad points, overall it's reasonable for daily use.",Neutral
"THIS AIR FRYER HAS BOTH GOOD AND BAD POINTS, OVERALL IT'S FINE FOR DAILY USE.",Neutral
I WAS SKEPTICAL AT FIRST BUT THIS HAIR DRYER TURNED OUT TO BE AWESOME. BUYING ANOTHER ONE!    ,Positive
The air fryer arrived damaged and customer service was awful about resolving it.,Negative
"I regret buying this yoga mat, it's frustrating and not worth the money at all.",Negative
"This electric kettle has both good and bad points, overall it's nothing special for daily use.",Neutral
"Shipping took a while but the bluetooth speaker itself is reliable, no complaints on quality.",Positive
I was skeptical at first but this coffee maker turned out to be impressive. Buying another one!    ,Positive
"This winter jacket has both good and bad points, overall it's nothing special for daily use.",Neutral
The phone case looked promising in photos but turned out terrible once I opened the box. Check it out here: https://example.com/product/740,Negative
The desk lamp looks great but the acceptable instructions were confusing at first.,Positive
The wireless charger looked promising in photos but turned out terrible once I opened the box.,Negative
"The office chair functions fine, average experience overall, would not rate it higher.",Neutral
"FAST SHIPPING, HOWEVER THE WATER BOTTLE ITSELF IS USELESS, PACKAGING COULDN'T SAVE IT.",Negative
"The water bottle functions fine, adequate experience overall, would not rate it higher.",Neutral
This water bottle is awesome! I use it every day and it never disappoints.,Positive
"The winter jacket functions fine, decent experience overall, would not rate it higher. ðŸ˜Š",Neutral
"Do not waste your money on this yoga mat, it is awful and looks nothing like the photos.",Negative
"The wireless charger functions fine, average experience overall, would not rate it higher.",Neutral
"It's a fine kitchen blender, gets the job done but the design could be better.    ",Neutral
The smartwatch looks great but the nothing special instructions were confusing at first.,Neutral
"Best air fryer I've ever purchased, excellent value for the price. 5 stars!    ",Positive
This has to be the most a waste of money phone case I have ever owned. Sending it back.,Negative
"SHIPPING TOOK A WHILE BUT THE LAPTOP BACKPACK ITSELF IS DURABLE, NO COMPLAINTS ON QUALITY.    ",Positive
"MY FAMILY LOVES THIS OFFICE CHAIR, ITS PERFECT AND EASY TO USE. WILL BUY AGAIN.",Positive
I bought this winter jacket last month and it has been superb. Highly recommend!!!,Positive
"Very defective experience with this kitchen blender, requesting a refund immediately.",Negative
"horrible quality control, my running shoes broke within a week of normal use.",Negative
"Really durable office chair, exactly as described on the website. Fast delivery too.",Positive
This yoga mat is reliable! I use it every day and it never disappoints.,Positive
The running shoes looks great but the adequate instructions were confusing at first.,Negative
"Fast shipping, however the book shelf itself is disappointing, packaging couldn't save it.",Negative
"Best wireless charger I've ever purchased, excellent value for the price. 5 stars!",Positive
"teh hair dryer exceeded my expectations, reliable build quality adn works perfectly :) Check it out here: https://example.com/product/261",Negative
"Shipping took a while but the wireless charger itself is awesome, no complaints on quality.",Positive
"Shipping took a while but the running shoes itself is outstanding, no complaints on quality.",Negative
"The phone case works as expected, decent for teh price I guess. Check it out here: https://example.com/product/551",Neutral
"The phone case isn't bad, isn't great either, just reasonable like most in this price range. ðŸ˜¡",Neutral
"This office chair is durable, customer support was also super helpful when I had a question. ðŸ˜Š",Positive
"REALLY TOP-NOTCH LAPTOP BACKPACK, EXACTLY AS DESCRIBED ON THE WEBSITE. FAST DELIVERY TOO.",Positive
"It's a acceptable office chair, gets the job done but the design could be better. Check it out here: https://example.com/product/426",Neutral
"This running shoes is acceptable. Not bad, not great, just an average purchase.",Neutral
The air fryer looked promising in photos but turned out a waste of money once I opened the box.,Negative
"the electric kettle isn't bad, isn't great either, just reasonable like most in this price range.    ",Neutral
this air fryer is top-notch! i use it every day and it never disappoints.,Positive
The air fryer arrived damaged and customer service was faulty about resolving it. Check it out here: https://example.com/product/124,Negative
"The bluetooth speaker is acceptable, does what it says but nothing more.",Neutral
"Shipping took a while but the smartwatch itself is amazing, no complaints on quality.",Positive
"Received the winter jacket on time. It's acceptable, might consider other brands next time. Check it out here: https://example.com/product/428    ",Neutral
"I'M SO DISAPPOINTED, THIS WIRELESS CHARGER IS DEFECTIVE COMPARED TO THE REVIEWS I READ ONLINE.",Negative
I WAS SKEPTICAL AT FIRST BUT THIS WINTER JACKET TURNED OUT TO BE PERFECT. BUYING ANOTHER ONE!,Positive
"My family loves this laptop backpack, its excellent and easy to use. Will buy again.",Positive
The yoga mat looks great but the reasonable instructions were confusing at first.,Positive
"The winter jacket isn't bad, isn't great either, just average like most in this price range.",Neutral
"Do not waste your money on this running shoes, it is defective and looks nothing like the photos. ðŸ˜¡",Negative
"fast shipping, however the water bottle itself is horrible, packaging couldn't save it.",Negative
The office chair arrived damaged and customer service was faulty about resolving it.,Negative
"THIS BLUETOOTH SPEAKER HAS BOTH GOOD AND BAD POINTS, OVERALL IT'S ADEQUATE FOR DAILY USE.",Neutral
"Shipping took a while but the electric kettle itself is amazing, no complaints on quality.",Positive
"Best phone case I've ever purchased, excellent value for the price. 5 stars!",Positive
"The laptop backpack exceeded my expectations, reliable build quality and works perfectly :)",Positive
"Not what I expected initially, but this gaming mouse turned out great after a week of use. ðŸ˜¡",Positive
"Do not waste your money on this office chair, it is broken and looks nothing like the photos.",Negative
"Shipping took a while but the book shelf itself is impressive, no complaints on quality.",Positive
The yoga mat arrived damaged and customer service was subpar about resolving it.,Negative
"FAST SHIPPING, HOWEVER THE BLUETOOTH SPEAKER ITSELF IS SUBPAR, PACKAGING COULDN'T SAVE IT.",Negative
"The air fryer feels useless and cheap, definitely not worth the price tag.",Negative
"This yoga mat is disappointing. Stopped working after two days, do NOT buy.",Negative
"It's a acceptable book shelf, gets the job done but the design could be better.    ",Neutral
the kitchen blender arrived damaged adn customer service was a waste of money about resolving it.    ,Negative
"Shipping took a while but the laptop backpack itself is wonderful, no complaints on quality.",Positive
"Fast shipping, however the smartwatch itself is awful, packaging couldn't save it.",Negative
The laptop backpack looked promising in photos but turned out faulty once I opened the box.,Negative
"The wireless earbuds isn't bad, isn't great either, just adequate like most in this price range.",Neutral
"It's a okay wireless earbuds, gets the job done but the design could be better. ðŸ˜Š",Neutral
"This wireless earbuds is fine. Not bad, not great, just an average purchase. Check it out here: https://example.com/product/989",Neutral
"THE AIR FRYER EXCEEDED MY EXPECTATIONS, IMPRESSIVE BUILD QUALITY AND WORKS PERFECTLY :)",Positive
This electric kettle is worth every penny! I use it every day and it never disappoints. ðŸ˜¡,Positive
"THE WATER BOTTLE WORKS AS EXPECTED, NOTHING SPECIAL FOR THE PRICE I GUESS.",Neutral
"It's a average bluetooth speaker, gets the job done but the design could be better.",Neutral
"I'm so disappointed, this book shelf is useless compared to the reviews I read online.",Negative
This coffee maker is great! I use it every day and it never disappoints.,Positive
"Very unreliable experience with this camera tripod, requesting a refund immediately.",Negative
"Not what I expected initially, but this book shelf turned out outstadning after a week of use.",Negative
"Best hair dryer I've ever purchased, worth every penny value for the price. 5 stars! ðŸ˜¡",Positive
"The book shelf feels broken and cheap, definitely not worth the price tag. ðŸ˜Š",Negative
"I wanted to like this yoga mat, sadly it was awful and I'm returning it.",Negative
"Fast shipping, however the camera tripod itself is useless, packaging couldn't save it.",Negative
"THIS DESK LAMP IS ADEQUATE. NOT BAD, NOT GREAT, JUST AN AVERAGE PURCHASE.",Neutral
"My family loves this hair dryer, its excellent and easy to use. Will buy again.",Positive
"The yoga mat works as expected, nothing special for the price I guess.",Neutral
"The gaming mouse isn't bad, isn't great eitehr, just reasonable like most in this price range.",Neutral
"do not waste your money on this office chair, it is broken and looks nothing like the photos.",Negative
The desk lamp looked promising in photos but turned out broken once I opened the box. ðŸ˜¡,Negative
"very subpar experience with this gaming mouse, requesting a refund immediately.",Negative
The office chair looked promising in photos but turned out poor once I opened the box.,Negative
"shipping took a while but the winter jacket itself is worth every penny, no complaints on qualtiy.",Positive
"Really fantastic coffee maker, exactly as described on the website. Fast delivery too. ðŸ˜¡",Positive
"This desk lamp is worth every penny, customer support was also super helpful when I had a question. ðŸ˜Š Check it out here: https://example.com/product/748",Positive
"NOT WHAT I EXPECTED INITIALLY, BUT THIS CAMERA TRIPOD TURNED OUT AWESOME AFTER A WEEK OF USE.",Positive
"The yoga mat isn't bad, isn't great either, just fine like most in this price range. ðŸ˜¡",Neutral
The smartwatch arrived damaged and customer service was a waste of money about resolving it.,Negative
The air fryer arrived damaged and customer service was cheaply made about resolving it.,Negative
"This camera tripod has both good and bad points, overall it's so-so for daily use. ðŸ˜Š",Neutral
great smartwatch!!! top-notch performance and looks stylish too. so happy with this purchase.,Positive
"Really superb gaming mouse, exactly as described on the website. Fast delivery too.",Positive
"Very cheaply made experience with this gaming mouse, requesting a refund immediately. ðŸ˜¡",Negative
GREAT OFFICE CHAIR!!! FANTASTIC PERFORMANCE AND LOOKS STYLISH TOO. SO HAPPY WITH THIS PURCHASE.,Positive
"Not what I expected initially, but this electric kettle turned out fantastic after a week of use.",Positive
The winter jacket looks great but the fine instructions were confusing at first.,Positive
Absolutely love this laptop backpack. It's worth every penny and shipped fast too <br> great service.,Positive
"FAST SHIPPING, HOWEVER THE WIRELESS CHARGER ITSELF IS FRUSTRATING, PACKAGING COULDN'T SAVE IT.",Negative
"horrible quality control, my office chair broke within a week of normal use.",Negative
"I wanted to like this wireless charger, sadly it was broken and I'm returning it.",Negative
Extremely subpar!! The phone case stopped charging and support never responded. Check it out here: https://example.com/product/386,Negative
"The book shelf exceeded my expectations, great build quality and works perfectly :)    ",Positive
"Neither impressed nor disappointed with this air fryer, it's just so-so.",Neutral
THIS OFFICE CHAIR IS WONDERFUL! I USE IT EVERY DAY AND IT NEVER DISAPPOINTS.,Positive
The hair dryer looks great but the decent instructions were confusing at first. Check it out here: https://example.com/product/700,Positive
The phone case arrived damaged and customer service was disappointing about resolving it.,Negative
"subpar quality control, my gaming mouse broke within a week of normal use. ðŸ˜Š",Negative
"Not what I expected initially, but this desk lamp turned out fantastic after a week of use. Check it out here: https://example.com/product/736",Positive
"Not what I expected initially, but this yoga mat turned out great after a week of use. Check it out here: https://example.com/product/769",Positive
the winter jacket looked promising in photos but turned out faulty once i opened the box.,Negative
"This camera tripod has both good and bad points, overall it's decent for daily use. Check it out here: https://example.com/product/173",Neutral
"it's a okay book shelf, gets the job done but the design could be better.",Neutral
The phone case looks great but the nothing special instructions were confusing at first. ðŸ˜Š,Positive
THIS HAS TO BE THE MOST SUBPAR WIRELESS EARBUDS I HAVE EVER OWNED. SENDING IT BACK.,Negative
THE GAMING MOUSE LOOKED PROMISING IN PHOTOS BUT TURNED OUT BROKEN ONCE I OPENED THE BOX.,Negative
"THIS BLUETOOTH SPEAKER HAS BOTH GOOD AND BAD POINTS, OVERALL IT'S AVERAGE FOR DAILY USE. ðŸ˜¡",Neutral
Absolutely love this electric kettle. It's worth every penny and shipped fast too <br> great service. Check it out here: https://example.com/product/765,Positive
Extremely horrible!! The camera tripod stopped charging and support never responded.,Negative
"THIS BLUETOOTH SPEAKER HAS BOTH GOOD AND BAD POINTS, OVERALL IT'S OKAY FOR DAILY USE.",Neutral
"I wanted to like this laptop backpack, sadly it was broken and I'm returning it.",Negative
"Do not waste your money on this book shelf, it is subpar adn looks nothing like the photos.",Negative
i bought this winter jacket last month and it has been perfect. highly recommend!!! Check it out here: https://example.com/product/175,Positive
THE DESK LAMP LOOKED PROMISING IN PHOTOS BUT TURNED OUT FLIMSY ONCE I OPENED THE BOX.,Negative
The bluetooth speaker looks great but the decent instructions were confusing at first.,Positive
"This camera tripod has both good and bad points, overall it's reasonable for daily use.",Neutral
This has to be the most disappointing phone case I have ever owned. Sending it back.,Negative
"Received the electric kettle on time. It's fine, might consider other brands next time.",Neutral
"The book shelf feels broken and cheap, definitely not worth the price tag. ðŸ˜¡",Negative
"Received the winter jacket on time. It's nothing special, might consider other brands next time. ðŸ˜Š",Neutral
"MY FAMILY LOVES THIS OFFICE CHAIR, ITS EXCELLENT AND EASY TO USE. WILL BUY AGAIN.",Positive
The phone case looks great but the reasonable instructions were confusing at first.,Positive
"My family loves this smartwatch, its outstanding and easy to use. Will buy again.",Positive
"My family loves this air fryer, its superb and easy to use. Will buy again.",Positive
"This electric kettle is wonderful, customer support was also super helpful when I had a question.",Positive
absolutely love this electric kettle. it's fantastic and shipped fast too <br> great service. Check it out here: https://example.com/product/376,Positive
ABSOLUTELY LOVE THIS SMARTWATCH. IT'S WORTH EVERY PENNY AND SHIPPED FAST TOO <BR> GREAT SERVICE.,Positive
"This electric kettle has both good and bad points, overall it's adequate for daily use.",Neutral
"This book shelf is superb, customer support was also super helpful when I had a question.    ",Positive
"the coffee maker isn't bad, isn't great either, just so-so like most in this price range.",Neutral
This electric kettle is worth every penny! I use it every day adn it never disappoints.,Positive
The desk lamp looked promising in photos but turned out terrible once I opened the box.,Negative
"I wanted to like this winter jacket, sadly it was disappointing and I'm returning it.",Negative
This has to be the most a waste of money desk lamp I have ever owned. Sending it back.,Negative
"This running shoes is impressive, customer support was also super helpful when I had a question. Check it out here: https://example.com/product/144",Positive
This coffee maker is excellent! I use it every day and it never disappoints.,Positive
"VERY POOR EXPERIENCE WITH THIS LAPTOP BACKPACK, REQUESTING A REFUND IMMEDIATELY.",Neutral
"NEITHER IMPRESSED NOR DISAPPOINTED WITH THIS GAMING MOUSE, IT'S JUST STANDARD.",Neutral
Great coffee maker!!! outstanding performance and looks stylish too. So happy with this purchase. Check it out here: https://example.com/product/969,Positive
"The phone case feels faulty and cheap, definitely not worth the price tag. ðŸ˜Š",Positive
Absolutely love this wireless earbuds. It's excellent and shipped fast too <br> great service. ðŸ˜¡    ,Positive
"Very defective experience with this running shoes, requesting a refund immediately. Check it out here: https://example.com/product/713",Negative
"This coffee maker has both good and bad points, overall it's so-so for daily use.",Neutral
Extremely broken!! The wireless earbuds stopped charging and support never responded.,Neutral
"this wireless charger has both good and bad points, overall it's so-so for daily use. ðŸ˜¡",Neutral
"The kitchen blender isn't bad, isn't great either, just decent like most in this price range. Check it out here: https://example.com/product/542",Neutral
"The phone case isn't bad, isn't great either, just so-so like most in this price range.",Neutral
"The electric kettle is fine, does what it says but nothing more.",Neutral
"The water bottle works as expected, nothing special for the price I guess.",Neutral
"THE BLUETOOTH SPEAKER IS NOTHING SPECIAL OVERALL, PACKAGING WAS NICE BUT THE PRODUCT ITSELF IS UNREMARKABLE.",Neutral
"Neither impressed nor disappointed with this wireless earbuds, it's just average.",Positive
"THE BOOK SHELF ISN'T BAD, ISN'T GREAT EITHER, JUST AVERAGE LIKE MOST IN THIS PRICE RANGE.",Neutral
Extremely disappointing!! The hair dryer stopped charging and support never responded. Check it out here: https://example.com/product/886,Negative
"THE SMARTWATCH ISN'T BAD, ISN'T GREAT EITHER, JUST ACCEPTABLE LIKE MOST IN THIS PRICE RANGE.",Neutral
"This desk lamp is impressive, customer support was also super helpful when I had a question.",Positive
"It's a so-so air fryer, gets the job done but the design could be better.",Neutral
"Shipping took a while but the bluetooth speaker itself is durable, no complaints on quality.",Positive
"This coffee maker is useless. Stopped working after two days, do NOT buy.",Negative
"NOT WHAT I EXPECTED INITIALLY, BUT THIS BOOK SHELF TURNED OUT OUTSTANDING AFTER A WEEK OF USE. Check it out here: https://example.com/product/955",Positive
"I have mixed feelings about this running shoes, some features are good others are standard. ðŸ˜¡ Check it out here: https://example.com/product/831",Neutral
"The bluetooth speaker isn't bad, isn't great either, just so-so like most in this price range.",Neutral
Absolutely love this air fryer. It's outstanding and shipped fast too <br> great service.,Positive
"MY FAMILY LOVES THIS PHONE CASE, ITS PERFECT AND EASY TO USE. WILL BUY AGAIN.",Positive
Extremely awful!! The phone case stopped charging and support never responded.,Negative
"FAST SHIPPING, HOWEVER THE RUNNING SHOES ITSELF IS USELESS, PACKAGING COULDN'T SAVE IT.",Negative
THE ELECTRIC KETTLE LOOKED PROMISING IN PHOTOS BUT TURNED OUT TERRIBLE ONCE I OPENED THE BOX.,Negative
"The desk lamp functions fine, fine experience overall, would not rate it higher.",Neutral
I bought this smartwatch last month and it has been fantastic. Highly recommend!!!,Positive
"I regret buying this desk lamp, it's a waste of money and not worth the money at all.",Negative
"The bluetooth speaker is reasonable, does what it says but nothing more.",Neutral
"My family loves this yoga mat, its excellent adn easy to use. Will buy again.",Positive
An fine air fryer that does the basic job without any extra features. Check it out here: https://example.com/product/209,Neutral
"cheaply made quality control, my coffee maker broke within a week of normal use.",Neutral
Extremely horrible!! The air fryer stopped charging and support never responded.,Negative
"This kitchen blender has both good and bad points, overall it's adequate for daily use.    ",Neutral
"the water bottle is adequate overall, packaging was nice but the product itself is unremarkable.",Neutral
"It's a nothing special air fryer, gets teh job done but teh design could be better.",Neutral
"Neither impressed nor disappointed with this gaming mouse, it's just acceptable.",Neutral
"The bluetooth speaker functions fine, standard experience overall, would not rate it higher. Check it out here: https://example.com/product/955",Neutral
"The winter jacket feels frustrating and cheap, definitely not worth the price tag.",Negative
"VERY USELESS EXPERIENCE WITH THIS HAIR DRYER, REQUESTING A REFUND IMMEDIATELY.",Negative
"This smartwatch is reasonable. Not bad, not great, just an average purchase. ðŸ˜¡",Neutral
"Shipping took a while but the hair dryer itself is reliable, no complaints on quality.",Positive
I BOUGHT THIS SMARTWATCH LAST MONTH AND IT HAS BEEN DURABLE. HIGHLY RECOMMEND!!!,Positive
"The kitchen blender works as expected, acceptable for the price I guess. Check it out here: https://example.com/product/676",Neutral
"THE SMARTWATCH ISN'T BAD, ISN'T GREAT EITHER, JUST REASONABLE LIKE MOST IN THIS PRICE RANGE.",Neutral
"Not what I expected initially, but this bluetooth speaker turned out outstanding after a week of use.",Positive
"I REGRET BUYING THIS SMARTWATCH, IT'S BROKEN AND NOT WORTH THE MONEY AT ALL.",Negative
"THIS WIRELESS CHARGER HAS BOTH GOOD AND BAD POINTS, OVERALL IT'S ACCEPTABLE FOR DAILY USE.",Neutral
This water bottle is impressive! I use it every day and it never disappoints.,Positive
"This gaming mouse has both good and bad points, overall it's nothing special for daily use.",Neutral
"Not what I expected initially, but this kitchen blender turned out great after a week of use. ðŸ˜¡",Positive
"I regret buying this laptop backpack, it's horrible and not worth the money at all.",Negative
Extremely cheaply made!! The gaming mouse stopped charging and support never responded.,Negative
"The yoga mat feels cheaply made and cheap, definitely not worth the price tag.",Negative
"The coffee maker isn't bad, isn't great either, just decent like most in this price range.",Neutral
"I have mixed feelings about this running shoes, some features are good others are adequate.",Neutral
"The hair dryer feels frustrating adn cheap, definitely not worth the price tag.",Negative
"This laptop backpack has both good and bad points, overall it's adequate for daily use. ðŸ˜¡",Neutral
"The wireless charger works as expected, adequate for the price I guess.",Neutral
"Fast shipping, however teh yoga mat itself is poor, packaging couldn't save it.",Negative
i was skeptical at first but this book shelf turned out to be awesome. buying another one!,Positive
"This desk lamp has both good and bad points, overall it's standard for daily use.",Neutral
"the bluetooth speaker is okay, does what it says but nothing more.",Neutral
I bought this coffee maker last month and it has been top-notch. Highly recommend!!!,Positive
"FAST SHIPPING, HOWEVER THE RUNNING SHOES ITSELF IS FRUSTRATING, PACKAGING COULDN'T SAVE IT.",Negative
"Neither impressed nor disappointed with this office chair, it's just standard.    ",Neutral
Great desk lamp!!! solid performance and looks stylish too. So happy with this purchase.,Positive
"It's a acceptable kitchen blender, gets the job done but the design could be better.",Positive
"FAST SHIPPING, HOWEVER THE LAPTOP BACKPACK ITSELF IS AWFUL, PACKAGING COULDN'T SAVE IT.",Negative
THE WATER BOTTLE LOOKS GREAT BUT THE ACCEPTABLE INSTRUCTIONS WERE CONFUSING AT FIRST.,Positive
The bluetooth speaker looks great but the adequate instructions were confusing at first.,Positive
"This laptop backpack has both good and bad points, overall it's acceptable for daily use.",Neutral
"I WANTED TO LIKE THIS COFFEE MAKER, SADLY IT WAS HORRIBLE AND I'M RETURNING IT.",Negative
"The electric kettle functions fine, reasonable experience overall, would not rate it higher. Check it out here: https://example.com/product/175",Neutral
"Shipping took a while but the gaming mouse itself is excellent, no complaints on quality.",Neutral
"The air fryer isn't bad, isn't great either, just okay like most in this price range.    ",Neutral
The kitchen blender arrived damaged and customer service was cheaply made about resolving it.    ,Negative
I was skeptical at first but this winter jacket turned out to be superb. Buying another one!,Positive
Extremely disappointing!! The water bottle stopped charging and support never responded.,Negative
"THIS HAIR DRYER IS REASONABLE. NOT BAD, NOT GREAT, JUST AN AVERAGE PURCHASE.",Neutral
"SHIPPING TOOK A WHILE BUT THE RUNNING SHOES ITSELF IS WONDERFUL, NO COMPLAINTS ON QUALITY.",Positive
The camera tripod looks great but the standard instructions were confusing at first. ðŸ˜Š,Positive
Extremely a waste of money!! The phone case stopped charging and support never responded.,Negative
The electric kettle looked promising in photos but turned out terrible once I opened the box.,Negative
"This book shelf has both good and bad points, overall it's decent for daily use. ðŸ˜Š",Neutral
"Not what I expected initially, but this running shoes turned out outstanding after a week of use.",Positive
"Not what I expected initially, but this air fryer turned out reliable after a week of use. ðŸ˜¡",Positive
"THIS BOOK SHELF IS ACCEPTABLE. NOT BAD, NOT GREAT, JUST AN AVERAGE PURCHASE.",Neutral
"Not what I expected initially, but this air fryer turned out outstanding after a week of use.",Positive
"THIS WINTER JACKET IS SUPERB, CUSTOMER SUPPORT WAS ALSO SUPER HELPFUL WHEN I HAD A QUESTION.",Positive
"This wireless charger is a waste of money. Stopped working after two days, do NOT buy.",Negative
Absolutely love this smartwatch. It's durable and shipped fast too <br> great service.,Positive
This winter jacket is outstanding! I use it every day and it never disappoints.,Positive
"Fast shipping, however the air fryer itself is terrible, packaging couldn't save it.",Negative
Great desk lamp!!! superb performance and looks stylish too. So happy with this purchase.,Positive
The phone case looked promising in photos but turned out faulty once I opened the box. Check it out here: https://example.com/product/584,Negative
Absolutely love this wireless charger. It's outstadning adn shipped fast too <br> great service.    ,Positive
"Really solid phone case, exactly as described on teh website. Fast delivery too.",Positive
"This coffee maker is a waste of money. Stopped working after two days, do NOT buy. ðŸ˜¡",Negative
"The smartwatch functions fine, so-so experience overall, would not rate it higher.",Neutral
"My family loves this winter jacket, its reliable and easy to use. Will buy again.",Positive
"This phone case has both good and bad points, overall it's nothing special for daily use.",Neutral
An adequate winter jacket that does the basic job without any extra features.,Neutral
"Fast shipping, however the bluetooth speaker itself is broken, packaging couldn't save it.",Negative
"This air fryer is awesome, customer support was also super helpful when I had a question.",Positive
I was skeptical at first but this camera tripod turned out to be worth every penny. Buying another one!,Positive
"I'M SO DISAPPOINTED, THIS SMARTWATCH IS CHEAPLY MADE COMPARED TO THE REVIEWS I READ ONLINE.",Negative
"I wanted to like this kitchen blender, sadly it was frustrating and I'm returning it.",Negative
The camera tripod looks great but the acceptable instructions were confusing at first.,Positive
"Neither impressed nor disappointed with this kitchen blender, it's just nothing special.",Neutral
"The bluetooth speaker feels a waste of money and cheap, definitely not worth the price tag.",Negative
"This kitchen blender is acceptable. Not bad, not great, just an average purchase.",Neutral
I BOUGHT THIS CAMERA TRIPOD LAST MONTH AND IT HAS BEEN DURABLE. HIGHLY RECOMMEND!!!,Positive
"Neither impressed nor disappointed with this hair dryer, it's just adequate.",Neutral
"it's a reasonable camera tripod, gets the job done but the design could be better.",Neutral
The bluetooth speaker looked promising in photos but turned out defective once I opened the box. ðŸ˜¡,Negative
"Received the air fryer on time. It's standard, might consider other brands next time.",Neutral
"I have mixed feelings about this winter jacket, some features are good others are okay.",Neutral
"NOT WHAT I EXPECTED INITIALLY, BUT THIS BOOK SHELF TURNED OUT WONDERFUL AFTER A WEEK OF USE.",Positive
THE ELECTRIC KETTLE LOOKS GREAT BUT THE NOTHING SPECIAL INSTRUCTIONS WERE CONFUSING AT FIRST.,Positive
"Shipping took a while but the smartwatch itself is top-notch, no complaints on quality.",Positive
"Neither impressed nor disappointed with this air fryer, it's just average. Check it out here: https://example.com/product/474    ",Neutral
"This camera tripod has both good and bad points, overall it's decent for daily use.",Neutral
"Not what I expected initially, but this yoga mat turned out reliable after a week of use.",Positive
"The office chair functions fine, standard experience overall, would not rate it higher.",Neutral
"Fast shipping, however the winter jacket itself is defective, packaging couldn't save it. Check it out here: https://example.com/product/863",Negative
"Received the bluetooth speaker on time. It's acceptable, might consider other brands next time.",Neutral
"Very unreliable experience with this wireless charger, requesting a refund immediately.",Negative
"This winter jacket is standard. Not bad, not great, just an average purchase.",Neutral
"THE BOOK SHELF IS SO-SO, DOES WHAT IT SAYS BUT NOTHING MORE.",Neutral
"VERY AWFUL EXPERIENCE WITH THIS DESK LAMP, REQUESTING A REFUND IMMEDIATELY.",Negative
"I have mixed feelings about this water bottle, some features are good others are nothing special.",Neutral
"The winter jacket isn't bad, isn't great either, just acceptable like most in this price range.",Neutral
"really amazing wireless earbuds, exactly as described on the website. fast delivery too.",Positive
"this gaming mouse has both good and bad points, overall it's fine for daily use.",Neutral
THE CAMERA TRIPOD LOOKS GREAT BUT THE NOTHING SPECIAL INSTRUCTIONS WERE CONFUSING AT FIRST. Check it out here: https://example.com/product/247,Positive
"NOT WHAT I EXPECTED INITIALLY, BUT THIS WIRELESS EARBUDS TURNED OUT AMAZING AFTER A WEEK OF USE. ðŸ˜¡",Positive
"the desk lamp feels defective and cheap, definitely not worth the price tag.",Negative
"The laptop backpack isn't bad, isn't great either, just okay like most in this price range. ðŸ˜¡",Neutral
"This camera tripod has both good and bad points, overall it's adequate for daily use. ðŸ˜Š",Neutral
"This bluetooth speaker is excellent, customer support was also super helpful when I had a question.",Positive
"the wireless charger is okay, does what it says but nothing more.",Neutral
"It's a fine wireless charger, gets the job done but the design could be better.",Neutral
"I'M SO DISAPPOINTED, THIS DESK LAMP IS POOR COMPARED TO THE REVIEWS I READ ONLINE.",Negative
"The smartwatch exceeded my expectations, top-notch build quality and works perfectly :)",Positive
"Received the desk lamp on time. It's decent, might consider other brands next time.",Neutral
"I have mixed feelings about this bluetooth speaker, some features are good others are nothing special.",Neutral
"THIS DESK LAMP IS AWESOME, CUSTOMER SUPPORT WAS ALSO SUPER HELPFUL WHEN I HAD A QUESTION.",Positive
"My family loves this hair dryer, its amazing and easy to use. Will buy again.",Positive
This has to be the most flimsy phone case I have ever owned. Sending it back.,Negative
"This desk lamp has both good and bad points, overall it's okay for daily use.",Neutral
"The wireless earbuds isn't bad, isn't great either, just decent like most in this price range. ðŸ˜¡",Neutral
"The kitchen blender works as expected, average for the price I guess.",Neutral
The laptop backpack arrived damaged and customer service was awful about resolving it.,Negative
"Best winter jacket I've ever purchased, solid value for the price. 5 stars!",Positive
"THIS KITCHEN BLENDER IS IMPRESSIVE, CUSTOMER SUPPORT WAS ALSO SUPER HELPFUL WHEN I HAD A QUESTION. ðŸ˜Š",Positive
"shipping took a while but the running shoes itself is solid, no complaints on quality.",Positive
"This coffee maker has both good and bad points, overall it's average for daily use.",Neutral
"I HAVE MIXED FEELINGS ABOUT THIS SMARTWATCH, SOME FEATURES ARE GOOD OTHERS ARE ADEQUATE.",Neutral
This water bottle is perfect! I use it every day and it never disappoints. Check it out here: https://example.com/product/823,Positive
THE WATER BOTTLE LOOKS GREAT BUT THE NOTHING SPECIAL INSTRUCTIONS WERE CONFUSING AT FIRST.,Positive
"The electric kettle isn't bad, isn't great either, just so-so like most in this price range.",Neutral
"IT'S A DECENT WIRELESS EARBUDS, GETS THE JOB DONE BUT THE DESIGN COULD BE BETTER.",Neutral
I bought this yoga mat last month and it has been great. Highly recommend!!!,Positive
"frustrating quality control, my gaming mouse broke within a week of normal use. Check it out here: https://example.com/product/272    ",Negative
"Neither impressed nor disappointed with this winter jacket, it's just decent.",Neutral
"The book shelf works as expected, decent for the price I guess.",Neutral
"The coffee maker feels cheaply made adn cheap, definitely not worth the price tag. ðŸ˜¡",Negative
Great wireless earbuds!!! perfect performance adn looks stylish too. So happy with this purchase.,Positive
"Received the coffee maker on time. It's standard, might consider other brands next time.",Neutral
The smartwatch looked promising in photos but turned out broken once I opened the box.,Negative
"This kitchen blender is cheaply made. Stopped working after two days, do NOT buy.",Negative
I BOUGHT THIS WATER BOTTLE LAST MONTH AND IT HAS BEEN RELIABLE. HIGHLY RECOMMEND!!!,Positive
"THIS HAIR DRYER IS AMAZING, CUSTOMER SUPPORT WAS ALSO SUPER HELPFUL WHEN I HAD A QUESTION. Check it out here: https://example.com/product/642",Positive
"Received the kitchen blender on time. It's so-so, might consider other brands next time. Check it out here: https://example.com/product/569",Neutral
EXTREMELY SUBPAR!! THE YOGA MAT STOPPED CHARGING AND SUPPORT NEVER RESPONDED.,Negative
"The kitchen blender feels frustrating and cheap, definitely not worth the price tag. Check it out here: https://example.com/product/365",Negative
"This water bottle is so-so. Not bad, not great, just an average purchase. ðŸ˜Š",Neutral
an acceptable air fryer that does the basic job without any extra features. Check it out here: https://example.com/product/685,Neutral
"this laptop backpack has both good and bad points, overall it's average for daily use.",Neutral
The smartwatch looked promising in photos but turned out cheaply made once I opened the box.,Negative
The office chair arrived damaged and customer service was frustrating about resolving it.,Negative
"Fast shipping, however the wireless earbuds itself is poor, packaging couldn't save it.",Negative
"THIS YOGA MAT HAS BOTH GOOD AND BAD POINTS, OVERALL IT'S NOTHING SPECIAL FOR DAILY USE.",Neutral
"This air fryer has both good and bad points, overall it's fine for daily use. Check it out here: https://example.com/product/598",Neutral
"Not what I expected initially, but this bluetooth speaker turned out top-notch after a week of use.",Positive
"Not what I expected initially, but this wireless earbuds turned out solid after a week of use.",Positive
THE HAIR DRYER ARRIVED DAMAGED AND CUSTOMER SERVICE WAS POOR ABOUT RESOLVING IT.,Negative
"NOT WHAT I EXPECTED INITIALLY, BUT THIS HAIR DRYER TURNED OUT DURABLE AFTER A WEEK OF USE.",Positive
"the office chair feels broken and cheap, definitely not worth the price tag.",Negative
"Really solid wireless charger, exactly as described on the website. Fast delivery too.",Positive
The kitchen blender looks great but teh reasonable instructions were confusing at first.,Positive
This has to be the most flimsy gaming mouse I have ever owned. Sending it back. Check it out here: https://example.com/product/632,Negative
"The book shelf is standard overall, packaging was nice but the product itself is unremarkable.",Neutral
An standard laptop backpack that does the basic job without any extra features.,Neutral
"Received the office chair on time. It's decent, might consider other brands next time.",Positive
"Really excellent desk lamp, exactly as described on the website. Fast delivery too.",Positive
"The air fryer is standard overall, packaging was nice but the product itself is unremarkable.",Neutral
I was skeptical at first but this yoga mat turned out to be awesome. Buying another one!,Positive
"BEST HAIR DRYER I'VE EVER PURCHASED, WORTH EVERY PENNY VALUE FOR THE PRICE. 5 STARS! ðŸ˜¡",Positive
"This water bottle is terrible. Stopped working after two days, do NOT buy.",Negative
The yoga mat looked promising in photos but turned out horrible once I opened the box.,Negative
"Very horrible experience with this water bottle, requesting a refund immediately.",Negative
"Fast shipping, however the yoga mat itself is horrible, packaging couldn't save it.",Negative
"Do not waste your money on this yoga mat, it is faulty and looks nothing like the photos.",Negative
"The smartwatch works as expected, nothing special for the price I guess.",Neutral
"I'M SO DISAPPOINTED, THIS RUNNING SHOES IS FRUSTRATING COMPARED TO THE REVIEWS I READ ONLINE.",Negative
"The office chair works as expected, acceptable for the price I guess.",Neutral
"REALLY EXCELLENT COFFEE MAKER, EXACTLY AS DESCRIBED ON THE WEBSITE. FAST DELIVERY TOO.",Negative
Extremely useless!! The office chair stopped charging and support never responded. ðŸ˜¡,Negative
"Really excellent laptop backpack, exactly as described on the website. Fast delivery too.",Positive
"The bluetooth speaker works as expected, okay for the price I guess.",Neutral
this phone case is reliable! i use it every day and it never disappoints.,Positive
"Received the hair dryer on time. It's standard, might consider other brands next time.",Positive
I was skeptical at first but this office chair turned out to be perfect. Buying another one!,Positive
The electric kettle looked promising in photos but turned out useless once I opened the box.,Negative
I was skeptical at first but this electric kettle turned out to be amazing. Buying another one!,Positive
"It's a decent bluetooth speaker, gets teh job done but teh design could be better.",Neutral
"the yoga mat exceeded my expectations, awesome build quality and works perfectly :)",Positive
an nothing special camera tripod that does the basic job without any extra features.,Neutral
This winter jacket is solid! I use it every day adn it never disappoints.,Positive
"THIS YOGA MAT HAS BOTH GOOD AND BAD POINTS, OVERALL IT'S ACCEPTABLE FOR DAILY USE.",Neutral
The laptop backpack looks great but the so-so instructions were confusing at first. ðŸ˜Š,Positive
"This electric kettle is useless. Stopped working after two days, do NOT buy.",Negative
"Neither impressed nor disappointed with this wireless charger, it's just nothing special.",Neutral
"The water bottle is average overall, packaging was nice but the product itself is unremarkable.",Neutral
"The running shoes is nothing special overall, packaging was nice but the product itself is unremarkable.",Neutral
"This bluetooth speaker has both good and bad points, overall it's acceptable for daily use. ðŸ˜¡",Neutral
I WAS SKEPTICAL AT FIRST BUT THIS KITCHEN BLENDER TURNED OUT TO BE FANTASTIC. BUYING ANOTHER ONE!,Positive
"Shipping took a while but the winter jacket itself is great, no complaints on quality.",Positive
"Very faulty experience with this wireless charger, requesting a refund immediately. ðŸ˜Š",Negative
"The camera tripod feels frustrating and cheap, definitely not worth the price tag. ðŸ˜¡",Negative
Extremely disappointing!! The wireless charger stopped charging and support never responded.,Negative
"Neither impressed nor disappointed with this smartwatch, it's just standard.",Neutral
The smartwatch arrived damaged and customer service was faulty about resolving it.,Negative
"The camera tripod isn't bad, isn't great either, just fine like most in this price range.",Neutral
Great laptop backpack!!! fantastic performance and looks stylish too. So happy with this purchase. Check it out here: https://example.com/product/617,Positive
"a waste of money quality control, my phone case broke within a week of normal use. ðŸ˜Š",Negative
"this desk lamp has both good and bad points, overall it's adequate for daily use.",Neutral
"THE OFFICE CHAIR IS AVERAGE OVERALL, PACKAGING WAS NICE BUT THE PRODUCT ITSELF IS UNREMARKABLE. Check it out here: https://example.com/product/525",Neutral
"The hair dryer exceeded my expectations, impressive build quality and works perfectly :)",Positive
The wireless earbuds looks great but the nothing special instructions were confusing at first.,Positive
"Very useless experience with this winter jacket, requesting a refund immediately.",Negative
"Best coffee maker I've ever purchased, wonderful value for the price. 5 stars!",Positive
"This laptop backpack is perfect, customer support was also super helpful when I had a question. ðŸ˜Š",Positive
I bought this book shelf last month and it has been outstanding. Highly recommend!!!,Positive
"Fast shipping, however the book shelf itself is a waste of money, packaging couldn't save it.",Negative
The hair dryer looked promising in photos but turned out subpar once I opened the box.,Negative
"The desk lamp isn't bad, isn't great either, just reasonable like most in this price range.",Neutral
"I wanted to like this office chair, sadly it was cheaply made and I'm returning it. ðŸ˜Š",Negative
"this office chair is frustrating. stopped working after two days, do not buy.",Negative
"Fast shipping, however teh water bottle itself is broken, packaging couldn't save it.",Negative
The wireless earbuds looks great but the so-so instructions were confusing at first.,Neutral
"The water bottle is fine overall, packaging was nice but the product itself is unremarkable.",Neutral
"This kitchen blender is fine. Not bad, not great, just an average purchase.",Neutral
"The desk lamp functions fine, reasonable experience overall, would not rate it higher.",Neutral
"This phone case is outstanding, customer support was also super helpful when I had a question.",Positive
"THE DESK LAMP FUNCTIONS FINE, OKAY EXPERIENCE OVERALL, WOULD NOT RATE IT HIGHER.",Neutral
great yoga mat!!! outstanding performance and looks stylish too. so happy with this purchase.,Positive
"Neither impressed nor disappointed with this wireless earbuds, it's just standard. ðŸ˜¡",Neutral
"Really awesome kitchen blender, exactly as described on the website. Fast delivery too.",Positive
Absolutely love this coffee maker. It's impressive and shipped fast too <br> great service.,Positive
"useless quality control, my coffee maker broke within a week of normal use.",Negative
"I wanted to like this smartwatch, sadly it was awful and I'm returning it.",Negative
"MY FAMILY LOVES THIS YOGA MAT, ITS DURABLE AND EASY TO USE. WILL BUY AGAIN. ðŸ˜¡",Positive
"THIS OFFICE CHAIR HAS BOTH GOOD AND BAD POINTS, OVERALL IT'S ACCEPTABLE FOR DAILY USE.",Neutral
Extremely flimsy!! The camera tripod stopped charging and support never responded.,Negative
"This air fryer is reasonable. Not bad, not great, just an average purchase.",Neutral
The running shoes looked promising in photos but turned out awful once I opened the box. ðŸ˜¡,Negative
"The wireless earbuds isn't bad, isn't great either, just decent like most in this price range.",Neutral
"It's a adequate book shelf, gets the job done but the design could be better.",Neutral
THE AIR FRYER LOOKED PROMISING IN PHOTOS BUT TURNED OUT DEFECTIVE ONCE I OPENED THE BOX.,Negative
the winter jacket looks great but the so-so instructions were confusing at first.,Positive
"This desk lamp has both good and bad points, overall it's so-so for daily use.",Neutral
"The electric kettle isn't bad, isn't great either, just adequate like most in this price range.",Neutral
The smartwatch looks great but the fine instructions were confusing at first.    ,Negative
"It's a okay wireless earbuds, gets teh job done but teh design could be better. ðŸ˜¡",Neutral
"The smartwatch exceeded my expectations, great build quality and works perfectly :)",Positive
This has to be the most terrible yoga mat I have ever owned. Sending it back.,Negative
The wireless earbuds looked promising in photos but turned out broken once I opened the box.,Negative
"The bluetooth speaker works as expected, standard for the price I guess.",Neutral
"Fast shipping, however teh laptop backpack itself is useless, packaging couldn't save it.",Negative
"The winter jacket feels broken and cheap, definitely not worth the price tag.",Negative
"the hair dryer is reasonable overall, packaging was nice but the product itself is unremarkable.",Neutral
"Received the electric kettle on time. It's acceptable, might consider other brands next time.",Neutral
Absolutely love this wireless charger. It's fantastic and shipped fast too <br> great service.,Positive
An standard electric kettle that does the basic job without any extra features.,Neutral
An so-so gaming mouse that does the basic job without any extra features.,Neutral
"Very awful experience with this water bottle, requesting a refund immediately.",Negative
I bought this electric kettle last month and it has been wonderful. Highly recommend!!! Check it out here: https://example.com/product/188,Positive
Extremely subpar!! The air fryer stopped charging and support never responded.,Negative
"THE RUNNING SHOES ISN'T BAD, ISN'T GREAT EITHER, JUST REASONABLE LIKE MOST IN THIS PRICE RANGE.",Neutral
I bought this wireless charger last month and it has been wonderful. Highly recommend!!!,Positive
"I WANTED TO LIKE THIS WIRELESS CHARGER, SADLY IT WAS FAULTY AND I'M RETURNING IT.",Negative
"poor quality control, my hair dryer broke within a week of normal use. ðŸ˜¡",Negative
"The book shelf works as expected, nothing special for the price I guess.",Neutral
"This coffee maker is durable, customer support was also super helpful when I had a question. ðŸ˜Š Check it out here: https://example.com/product/604",Positive
The wireless earbuds arrived damaged and customer service was defective about resolving it.,Negative
"this running shoes is solid, customer support was also super helpful when i had a question.",Positive
"Received the winter jacket on time. It's standard, might consider other brands next time.",Neutral
I bought this kitchen blender last month and it has been outstanding. Highly recommend!!!,Positive
"This laptop backpack is okay. Not bad, not great, just an average purchase.",Neutral
This winter jacket is reliable! I use it every day and it never disappoints.,Positive
"I have mixed feelings about this smartwatch, some features are good others are so-so.",Neutral
"The kitchen blender isn't bad, isn't great either, just adequate like most in this price range.",Neutral
"Received the hair dryer on time. It's decent, might consider other brands next time.",Neutral
"I'm so disappointed, this electric kettle is useless compared to the reviews I read online.",Negative
"This yoga mat is durable, customer support was also super helpful when I had a question.",Positive
"FAST SHIPPING, HOWEVER THE RUNNING SHOES ITSELF IS A WASTE OF MONEY, PACKAGING COULDN'T SAVE IT.",Negative
"This office chair has both good and bad points, overall it's average for daily use.",Positive
"Best air fryer I've ever purchased, durable value for the price. 5 stars! ðŸ˜¡",Positive
"best yoga mat i've ever purchased, impressive value for the price. 5 stars!",Positive
The smartwatch looked promising in photos but turned out subpar once I opened the box.,Negative
This has to be the most broken desk lamp I have ever owned. Sending it back.,Negative
"Shipping took a while but the gaming mouse itself is top-notch, no complaints on quality. Check it out here: https://example.com/product/134",Positive
"THIS BOOK SHELF HAS BOTH GOOD AND BAD POINTS, OVERALL IT'S AVERAGE FOR DAILY USE.",Neutral
"I'm so disappointed, this winter jacket is awful compared to the reviews I read online.",Neutral
"This book shelf is broken. Stopped working after two days, do NOT buy.",Negative
An acceptable gaming mouse that does the basic job without any extra features.,Neutral
The camera tripod arrived damaged and customer service was a waste of money about resolving it. ðŸ˜Š,Negative
"Shipping took a while but the wireless charger itself is amazing, no complaints on quality.",Positive
This has to be the most flimsy camera tripod I have ever owned. Sending it back.,Negative
This winter jacket is great! I use it every day and it never disappoints. ðŸ˜¡,Positive
"subpar quality control, my camera tripod broke within a week of normal use.",Negative
"I wanted to like this wireless charger, sadly it was subpar and I'm returning it. ðŸ˜Š",Neutral
"I HAVE MIXED FEELINGS ABOUT THIS HAIR DRYER, SOME FEATURES ARE GOOD OTHERS ARE DECENT.",Neutral
"I have mixed feelings about this smartwatch, some features are good others are okay.",Neutral
"Fast shipping, however the yoga mat itself is disappointing, packaging couldn't save it.    ",Negative
"Fast shipping, however the laptop backpack itself is terrible, packaging couldn't save it. Check it out here: https://example.com/product/357",Negative
"THE BOOK SHELF IS ADEQUATE, DOES WHAT IT SAYS BUT NOTHING MORE.",Neutral
the gaming mouse looks great but the adequate instructions were confusing at first.,Positive
"teh water bottle exceeded my expectations, solid build quality and works perfectly :)",Positive
an adequate smartwatch that does the basic job without any extra features.,Neutral
I was skeptical at first but this smartwatch turned out to be durable. Buying another one!,Positive
"I wanted to like this desk lamp, sadly it was terrible and I'm returning it.",Negative
The air fryer looked promising in photos but turned out frustrating once I opened the box.,Negative
"The running shoes isn't bad, isn't great either, just adequate like most in this price range.",Neutral
"The yoga mat isn't bad, isn't great either, just adequate like most in this price range.",Neutral
"best yoga mat i've ever purchased, worth every penny value for the price. 5 stars!",Positive
Extremely terrible!! The water bottle stopped charging and support never responded.,Negative
"Received the running shoes on time. It's standard, might consider other brands next time.",Neutral
"I regret buying this hair dryer, it's awful and not worth the money at all.",Negative
"The electric kettle functions fine, average experience overall, would not rate it higher. ðŸ˜¡",Neutral
I was skeptical at first but this bluetooth speaker turned out to be superb. Buying another one!    ,Positive
"VERY POOR EXPERIENCE WITH THIS DESK LAMP, REQUESTING A REFUND IMMEDIATELY.",Negative
this has to be the most horrible phone case i have ever owned. sending it back.,Negative
"Very frustrating experience with this wireless charger, requesting a refund immediately.",Negative
This has to be the most flimsy book shelf I have ever owned. Sending it back.,Negative
The desk lamp arrived damaged and customer service was cheaply made about resolving it.,Negative
"It's a standard phone case, gets the job done but the design could be better.",Neutral
"THE WIRELESS CHARGER IS SO-SO OVERALL, PACKAGING WAS NICE BUT THE PRODUCT ITSELF IS UNREMARKABLE.",Neutral
"Not what I expected initially, but this bluetooth speaker turned out reliable after a week of use.",Positive
The phone case looked promising in photos but turned out horrible once I opened the box. ðŸ˜Š,Negative
"Really top-notch office chair, exactly as described on the website. Fast delivery too. ðŸ˜¡",Positive
"The gaming mouse functions fine, acceptable experience overall, would not rate it higher.",Neutral
"This book shelf is standard. Not bad, not great, just an average purchase.",Neutral
THE WINTER JACKET ARRIVED DAMAGED AND CUSTOMER SERVICE WAS AWFUL ABOUT RESOLVING IT.,Negative
"Very a waste of money experience with this bluetooth speaker, requesting a refund immediately.",Negative
"AWFUL QUALITY CONTROL, MY ELECTRIC KETTLE BROKE WITHIN A WEEK OF NORMAL USE.",Negative
Great office chair!!! excellent performance and looks stylish too. So happy with this purchase. Check it out here: https://example.com/product/374,Positive
This has to be the most flimsy winter jacket I have ever owned. Sending it back.,Negative
"The bluetooth speaker isn't bad, isn't great either, just adequate like most in this price range.",Neutral
"This running shoes has both good and bad points, overall it's reasonable for daily use. ðŸ˜Š    ",Neutral
an fine laptop backpack that does the basic job without any extra features.,Neutral
"The wireless charger feels subpar and cheap, definitely not worth the price tag.",Negative
"The yoga mat is acceptable, does what it says but nothing more.",Neutral
Absolutely love this wireless earbuds. It's outstanding and shipped fast too <br> great service.,Positive
"The phone case exceeded my expectations, perfect build quality and works perfectly :)",Positive
"It's a decent air fryer, gets the job done but the design could be better.",Neutral
The yoga mat looked promising in photos but turned out useless once I opened the box. ðŸ˜Š,Negative
"unreliable quality control, my coffee maker broke within a week of normal use.",Negative
"Very awful experience with this hair dryer, requesting a refund immediately.",Negative
"The electric kettle works as expected, decent for the price I guess.",Neutral
"The gaming mouse is nothing special overall, packaging was nice but the product itself is unremarkable. ðŸ˜¡",Neutral
"The air fryer functions fine, acceptable experience overall, would not rate it higher. ðŸ˜¡",Neutral
"The running shoes feels flimsy and cheap, definitely not worth the price tag.",Negative
"I have mixed feelings about this camera tripod, some features are good others are standard.",Neutral
This has to be the most disappointing camera tripod I have ever owned. Sending it back.,Negative
"not what i expected initially, but this wireless earbuds turned out awesome after a week of use.",Positive
"This wireless charger is flimsy. Stopped working after two days, do NOT buy.",Negative
This has to be teh most broken winter jacket I have ever owned. Sending it back. Check it out here: https://example.com/product/904,Negative
"really amazing gaming mouse, exactly as described on the website. fast delivery too. Check it out here: https://example.com/product/518",Positive
"MY FAMILY LOVES THIS BLUETOOTH SPEAKER, ITS OUTSTANDING AND EASY TO USE. WILL BUY AGAIN. ðŸ˜Š",Positive
"My family loves this smartwatch, its superb and easy to use. Will buy again. ðŸ˜¡",Positive
"i regret buying this winter jacket, it's broken and not worth the money at all.",Negative
"I wanted to like this camera tripod, sadly it was broken and I'm returning it.",Negative
"I wanted to like this gaming mouse, sadly it was awful and I'm returning it.",Negative
"It's a so-so yoga mat, gets the job done but the design could be better.",Neutral
"Received the desk lamp on time. It's so-so, might consider other brands next time.",Neutral
"I wanted to like this wireless charger, sadly it was awful and I'm returning it.",Negative
Extremely horrible!! The gaming mouse stopped charging and support never responded.,Negative
"I'm so disappointed, this air fryer is disappointing compared to the reviews I read online.",Negative
"this smartwatch is outstanding, customer support was also super helpful when i had a question.",Positive
"best wireless charger i've ever purchased, great value for the price. 5 stars!",Positive
This has to be the most unreliable coffee maker I have ever owned. Sending it back.,Neutral
"Shipping took a while but the yoga mat itself is wonderful, no complaints on quality.",Positive
"The phone case is acceptable, does what it says but nothing more.",Neutral
Great water bottle!!! amazing performance and looks stylish too. So happy with this purchase.,Positive
the air fryer looked promising in photos but turned out flimsy once i opened the box.,Negative
"The wireless earbuds isn't bad, isn't great either, just nothing special like most in this price range.",Neutral
"cheaply made quality control, my phone case broke within a week of normal use.",Negative
"My family loves this wireless charger, its impressive and easy to use. Will buy again. ðŸ˜¡",Positive
This has to be the most defective book shelf I have ever owned. Sending it back.,Negative
I bought this book shelf last month and it has been great. Highly recommend!!!,Positive
The water bottle looks great but the fine instructions were confusing at first.,Positive
"Really great laptop backpack, exactly as described on the website. Fast delivery too.",Positive
"I regret buying this office chair, it's faulty and not worth the money at all.",Negative
"Received the wireless earbuds on time. It's standard, might consider other brands next time. Check it out here: https://example.com/product/554",Neutral
"THIS YOGA MAT IS STANDARD. NOT BAD, NOT GREAT, JUST AN AVERAGE PURCHASE.",Neutral
The phone case looks great but the standard instructions were confusing at first.,Positive
GREAT CAMERA TRIPOD!!! FANTASTIC PERFORMANCE AND LOOKS STYLISH TOO. SO HAPPY WITH THIS PURCHASE.    ,Positive
"flimsy quality control, my hair dryer broke within a week of normal use.",Negative
"This air fryer is faulty. Stopped working after two days, do NOT buy.",Negative
The wireless earbuds arrived damaged and customer service was defective about resolving it. ðŸ˜¡,Negative
"The water bottle functions fine, standard experience overall, would not rate it higher.",Neutral
"The coffee maker isn't bad, isn't great either, just adequate like most in this price range. ðŸ˜¡",Neutral
The kitchen blender looks great but the adequate instructions were confusing at first.,Positive
"unreliable quality control, my camera tripod broke within a week of normal use. ðŸ˜¡",Negative
"Really worth every penny book shelf, exactly as described on the website. Fast delivery too.",Positive
"The gaming mouse isn't bad, isn't great either, just okay like most in this price range.",Neutral
An fine bluetooth speaker that does the basic job without any extra features.,Neutral
Great kitchen blender!!! wonderful performance and looks stylish too. So happy with this purchase. Check it out here: https://example.com/product/458,Positive
Absolutely love this desk lamp. It's amazing and shipped fast too <br> great service. ðŸ˜¡,Positive
"The office chair functions fine, fine experience overall, would not rate it higher.",Neutral
THIS HAS TO BE THE MOST CHEAPLY MADE GAMING MOUSE I HAVE EVER OWNED. SENDING IT BACK.,Negative
The water bottle looks great but the nothing special instructions were confusing at first. ðŸ˜Š,Positive
"this running shoes is terrible. stopped working after two days, do not buy.",Negative
ABSOLUTELY LOVE THIS YOGA MAT. IT'S EXCELLENT AND SHIPPED FAST TOO <BR> GREAT SERVICE.,Positive
"subpar quality control, my wireless earbuds broke within a week of normal use.",Negative
This has to be the most cheaply made hair dryer I have ever owned. Sending it back. ðŸ˜¡,Negative
The phone case arrived damaged and customer service was subpar about resolving it.,Negative
"FAST SHIPPING, HOWEVER THE YOGA MAT ITSELF IS BROKEN, PACKAGING COULDN'T SAVE IT.",Negative
"This winter jacket has both good and bad points, overall it's so-so for daily use. Check it out here: https://example.com/product/489",Neutral
An adequate book shelf that does the basic job without any extra features.,Neutral
"Do not waste your money on this laptop backpack, it is flimsy and looks nothing like the photos.",Negative
"this phone case has both good and bad points, overall it's average for daily use.",Neutral
"DO NOT WASTE YOUR MONEY ON THIS COFFEE MAKER, IT IS UNRELIABLE AND LOOKS NOTHING LIKE THE PHOTOS.",Negative
"Very useless experience with this running shoes, requesting a refund immediately.",Negative
I BOUGHT THIS KITCHEN BLENDER LAST MONTH AND IT HAS BEEN WONDERFUL. HIGHLY RECOMMEND!!! ðŸ˜¡,Positive
"THE HAIR DRYER WORKS AS EXPECTED, FINE FOR THE PRICE I GUESS.",Neutral
"The camera tripod works as expected, adequate for the price I guess.",Neutral
The gaming mouse looked promising in photos but turned out flimsy once I opened the box. ðŸ˜Š,Positive
"I wanted to like this office chair, sadly it was a waste of money and I'm returning it.",Negative
"My family loves this coffee maker, its superb and easy to use. Will buy again. ðŸ˜¡",Positive
The winter jacket arrived damaged and customer service was cheaply made about resolving it. ðŸ˜Š,Negative
Extremely horrible!! The water bottle stopped charging and support never responded.    ,Negative
"It's a reasonable hair dryer, gets the job done but the design could be better.",Neutral
"This bluetooth speaker has both good and bad points, overall it's okay for daily use.",Neutral
"This camera tripod is faulty. Stopped working after two days, do NOT buy.",Negative
"The desk lamp is decent overall, packaging was nice but the product itself is unremarkable.",Neutral
Extremely poor!! The camera tripod stopped charging and support never responded.,Negative
"I WANTED TO LIKE THIS PHONE CASE, SADLY IT WAS A WASTE OF MONEY AND I'M RETURNING IT.",Negative
"The phone case exceeded my expectations, solid build quality and works perfectly :)",Positive
"This hair dryer is reasonable. Not bad, not great, just an average purchase. ðŸ˜Š",Neutral
"This coffee maker has both good and bad points, overall it's okay for daily use. ðŸ˜¡",Neutral
"Best running shoes I've ever purchased, great value for teh price. 5 stars!",Positive
The coffee maker looked promising in photos but turned out horrible once I opened the box.,Negative
The office chair looks great but the average instructions were confusing at first. ðŸ˜¡,Positive
"IT'S A SO-SO DESK LAMP, GETS THE JOB DONE BUT THE DESIGN COULD BE BETTER.",Neutral
"THE BOOK SHELF EXCEEDED MY EXPECTATIONS, FANTASTIC BUILD QUALITY AND WORKS PERFECTLY :)",Positive
"Fast shipping, however the smartwatch itself is horrible, packaging couldn't save it.",Negative
"This wireless charger is decent. Not bad, not great, just an average purchase.",Neutral
"The coffee maker feels defective and cheap, definitely not worth the price tag.",Negative
The coffee maker looked promising in photos but turned out cheaply made once I opened the box.,Negative
An okay kitchen blender that does the basic job without any extra features.,Neutral
Great winter jacket!!! impressive performance and looks stylish too. So happy with this purchase.,Positive
The wireless earbuds looked promising in photos but turned out faulty once I opened the box.,Negative
"neither impressed nor disappointed with this coffee maker, it's just decent. ðŸ˜¡",Neutral
"I HAVE MIXED FEELINGS ABOUT THIS WATER BOTTLE, SOME FEATURES ARE GOOD OTHERS ARE DECENT.    ",Neutral
Great laptop backpack!!! great performance and looks stylish too. So happy with this purchase.,Positive
An okay book shelf that does the basic job without any extra features.,Neutral
"The wireless earbuds is fine, does what it says but nothing more.",Neutral
"It's a average running shoes, gets the job done but the design could be better.",Neutral
"This smartwatch has both good and bad points, overall it's acceptable for daily use. ðŸ˜Š",Neutral
"This laptop backpack is solid, customer support was also super helpful when I had a question.",Positive
an average desk lamp that does the basic job without any extra features.,Neutral
"Received the yoga mat on time. It's adequate, might consider other brands next time.",Neutral
"Do not waste your money on this wireless charger, it is terrible adn looks nothing like teh photos.",Negative
"The desk lamp is reasonable, does what it says but nothing more.",Neutral
I was skeptical at first but this winter jacket turned out to be outstanding. Buying another one!,Neutral
"I'm so disappointed, this desk lamp is cheaply made compared to the reviews I read online.    ",Negative
"very defective experience with this gaming mouse, requesting a refund immediately.",Neutral
"Very cheaply made experience with this coffee maker, requesting a refund immediately. ðŸ˜¡",Negative
"I'm so disappointed, this winter jacket is useless compared to the reviews I read online.",Negative
i bought this winter jacket last month and it has been wonderful. highly recommend!!!,Positive
"NOT WHAT I EXPECTED INITIALLY, BUT THIS BLUETOOTH SPEAKER TURNED OUT EXCELLENT AFTER A WEEK OF USE.",Positive
"Neither impressed nor disappointed with this laptop backpack, it's just acceptable.",Neutral
Extremely awful!! The office chair stopped charging and support never responded.    ,Negative
The air fryer looks great but the average instructions were confusing at first.,Positive
"it's a reasonable coffee maker, gets the job done but the design could be better. ðŸ˜Š",Neutral
"Very cheaply made experience with this phone case, requesting a refund immediately. ðŸ˜Š",Negative
"I wanted to like this wireless charger, sadly it was terrible and I'm returning it.",Negative
"Fast shipping, however the coffee maker itself is flimsy, packaging couldn't save it.",Neutral
"This laptop backpack has both good and bad points, overall it's nothing special for daily use. Check it out here: https://example.com/product/715",Neutral
This laptop backpack is amazing! I use it every day and it never disappoints.,Positive
"I wanted to like this gaming mouse, sadly it was subpar and I'm returning it.    ",Negative
"The air fryer is fine, does what it says but nothing more.",Neutral
"SHIPPING TOOK A WHILE BUT THE WIRELESS CHARGER ITSELF IS SUPERB, NO COMPLAINTS ON QUALITY.",Positive
The laptop backpack arrived damaged and customer service was a waste of money about resolving it. ðŸ˜Š,Negative
"THE AIR FRYER ISN'T BAD, ISN'T GREAT EITHER, JUST STANDARD LIKE MOST IN THIS PRICE RANGE.",Neutral
"FAST SHIPPING, HOWEVER THE WIRELESS EARBUDS ITSELF IS BROKEN, PACKAGING COULDN'T SAVE IT.",Negative
"This office chair has both good and bad points, overall it's standard for daily use.",Neutral
"FAST SHIPPING, HOWEVER THE BLUETOOTH SPEAKER ITSELF IS A WASTE OF MONEY, PACKAGING COULDN'T SAVE IT.",Negative
The phone case arrived damaged and customer service was terrible about resolving it. ðŸ˜Š,Negative
"THE AIR FRYER FEELS POOR AND CHEAP, DEFINITELY NOT WORTH THE PRICE TAG. ðŸ˜Š",Negative
This has to be the most subpar wireless charger I have ever owned. Sending it back. Check it out here: https://example.com/product/718,Negative
"The yoga mat isn't bad, isn't great either, just nothing special like most in this price range.",Neutral
"This desk lamp is awful. Stopped working after two days, do NOT buy.",Negative
"The book shelf feels awful and cheap, definitely not worth the price tag.",Negative
Great coffee maker!!! worth every penny performance and looks stylish too. So happy with this purchase.,Positive
"FAST SHIPPING, HOWEVER THE CAMERA TRIPOD ITSELF IS FRUSTRATING, PACKAGING COULDN'T SAVE IT.",Negative
"The desk lamp isn't bad, isn't great either, just fine like most in this price range.",Neutral
Extremely frustrating!! The wireless charger stopped charging and support never responded. Check it out here: https://example.com/product/938    ,Negative
"This camera tripod is fantastic, customer support was also super helpful when I had a question.",Positive
I bought this smartwatch last month and it has been worth every penny. Highly recommend!!!,Positive
"Really top-notch water bottle, exactly as described on the website. Fast delivery too.",Positive
"Shipping took a while but the wireless charger itself is worth every penny, no complaints on quality.",Positive
the yoga mat looks great but the acceptable instructions were confusing at first. Check it out here: https://example.com/product/169,Positive
"I wanted to like this running shoes, sadly it was subpar and I'm returning it.",Negative
"THE GAMING MOUSE EXCEEDED MY EXPECTATIONS, FANTASTIC BUILD QUALITY AND WORKS PERFECTLY :)",Positive
This has to be the most defective electric kettle I have ever owned. Sending it back.,Negative
"Fast shipping, however the laptop backpack itself is broken, packaging couldn't save it.",Negative
THE AIR FRYER ARRIVED DAMAGED AND CUSTOMER SERVICE WAS UNRELIABLE ABOUT RESOLVING IT.,Negative
I bought this camera tripod last month and it has been excellent. Highly recommend!!!,Positive
"Shipping took a while but the coffee maker itself is fantastic, no complaints on qualtiy.",Positive
"Neither impressed nor disappointed with this wireless earbuds, it's just average. ðŸ˜¡",Neutral
The office chair looked promising in photos but turned out useless once I opened the box.,Negative
The winter jacket arrived damaged and customer service was defective about resolving it.,Negative
"broken quality control, my phone case broke within a week of normal use.",Negative
Extremely disappointing!! The wireless charger stopped charging and support never responded. ðŸ˜¡,Negative
This electric kettle is wonderful! I use it every day and it never disappoints.,Positive
"Do not waste your money on this winter jacket, it is terrible adn looks nothing like the photos.",Negative
"Do not waste your money on this office chair, it is horrible and looks nothing like the photos. ðŸ˜Š",Negative
"This wireless earbuds has both good and bad points, overall it's nothing special for daily use. ðŸ˜¡",Neutral
"THE AIR FRYER ISN'T BAD, ISN'T GREAT EITHER, JUST SO-SO LIKE MOST IN THIS PRICE RANGE.",Neutral
"Do not waste your money on this desk lamp, it is poor and looks nothing like the photos. ðŸ˜¡",Negative
"This desk lamp is acceptable. Not bad, not great, just an average purchase.",Neutral
THIS AIR FRYER IS DURABLE! I USE IT EVERY DAY AND IT NEVER DISAPPOINTS.,Positive
"I wanted to like this winter jacket, sadly it was faulty and I'm returning it.",Negative
"fast shipping, however the wireless earbuds itself is cheaply made, packaging couldn't save it.",Negative
"Really worth every penny camera tripod, exactly as described on the website. Fast delivery too.",Positive
"The wireless earbuds feels awful and cheap, definitely not worth the price tag.",Negative
The camera tripod looked promising in photos but turned out unreliable once I opened the box.,Negative
"FAST SHIPPING, HOWEVER THE AIR FRYER ITSELF IS CHEAPLY MADE, PACKAGING COULDN'T SAVE IT.",Negative
"Received the phone case on time. It's fine, might consider other brands next time.",Neutral
"I regret buying this laptop backpack, it's terrible and not worth the money at all. Check it out here: https://example.com/product/299",Negative
"I HAVE MIXED FEELINGS ABOUT THIS SMARTWATCH, SOME FEATURES ARE GOOD OTHERS ARE FINE.",Neutral
"This bluetooth speaker is decent. Not bad, not great, just an average purchase.",Neutral
The coffee maker arrived damaged and customer service was broken about resolving it.,Negative
"Shipping took a while but the electric kettle itself is top-notch, no complaints on quality.",Positive
This has to be the most useless wireless charger I have ever owned. Sending it back. ðŸ˜¡,Negative
"Shipping took a while but the wireless charger itself is amazing, no complaints on quality. ðŸ˜¡",Positive
This has to be the most a waste of money coffee maker I have ever owned. Sending it back.,Negative
This has to be the most useless coffee maker I have ever owned. Sending it back.,Negative
"The air fryer exceeded my expectations, fantastic build quality and works perfectly :)",Positive
THE KITCHEN BLENDER ARRIVED DAMAGED AND CUSTOMER SERVICE WAS SUBPAR ABOUT RESOLVING IT. ðŸ˜Š,Negative
"Very horrible experience with this phone case, requesting a refund immediately.",Negative
"MY FAMILY LOVES THIS ELECTRIC KETTLE, ITS TOP-NOTCH AND EASY TO USE. WILL BUY AGAIN.",Positive
"frustrating quality control, my bluetooth speaker broke within a week of normal use.",Negative
"i wanted to like this book shelf, sadly it was defective and i'm returning it.",Negative
The wireless charger looks great but the so-so instructions were confusing at first.,Positive
I bought this winter jacket last month and it has been impressive. Highly recommend!!! ðŸ˜Š Check it out here: https://example.com/product/467,Positive
"Not what I expected initially, but this phone case turned out durable after a week of use.",Positive
"Fast shipping, however the wireless charger itself is defective, packaging couldn't save it. ðŸ˜Š",Negative
The phone case looks great but teh standard instructions were confusing at first.,Positive
"SHIPPING TOOK A WHILE BUT THE ELECTRIC KETTLE ITSELF IS DURABLE, NO COMPLAINTS ON QUALITY.",Positive
extremely poor!! the coffee maker stopped charging and support never responded.,Negative
"It's a standard book shelf, gets the job done but the design could be better. ðŸ˜Š",Positive
"The camera tripod isn't bad, isn't great either, just so-so like most in this price range.",Neutral
THIS HAS TO BE THE MOST USELESS WIRELESS EARBUDS I HAVE EVER OWNED. SENDING IT BACK.    ,Negative
"THE AIR FRYER FEELS DISAPPOINTING AND CHEAP, DEFINITELY NOT WORTH THE PRICE TAG.",Negative
An so-so air fryer that does the basic job without any extra features. Check it out here: https://example.com/product/238,Neutral
"MY FAMILY LOVES THIS RUNNING SHOES, ITS FANTASTIC AND EASY TO USE. WILL BUY AGAIN.",Positive
"The wireless earbuds isn't bad, isn't great eitehr, just stadnard like most in this price range. ðŸ˜¡",Neutral
"I wanted to like this hair dryer, sadly it was defective and I'm returning it.    ",Negative
"The bluetooth speaker isn't bad, isn't great either, just reasonable like most in this price range. Check it out here: https://example.com/product/818",Neutral
"I'm so disappointed, this desk lamp is faulty compared to the reviews I read online.",Negative
"Really superb book shelf, exactly as described on the website. Fast delivery too.",Positive
"The book shelf exceeded my expectations, perfect build quality and works perfectly :)",Positive
The gaming mouse arrived damaged and customer service was defective about resolving it.,Negative
"THE KITCHEN BLENDER ISN'T BAD, ISN'T GREAT EITHER, JUST ADEQUATE LIKE MOST IN THIS PRICE RANGE.",Neutral
"Fast shipping, however the laptop backpack itself is terrible, packaging couldn't save it.",Neutral
"This wireless charger is fine. Not bad, not great, just an average purchase. Check it out here: https://example.com/product/499",Neutral
"I wanted to like this water bottle, sadly it was a waste of money and I'm returning it.",Negative
I was skeptical at first but this bluetooth speaker turned out to be wonderful. Buying another one!,Positive
"The air fryer functions fine, average experience overall, would not rate it higher.",Neutral
"NEITHER IMPRESSED NOR DISAPPOINTED WITH THIS WINTER JACKET, IT'S JUST SO-SO. Check it out here: https://example.com/product/357",Neutral
The laptop backpack looked promising in photos but turned out horrible once I opened the box.,Negative
"The desk lamp works as expected, adequate for the price I guess.",Neutral
The book shelf looked promising in photos but turned out unreliable once I opened the box. Check it out here: https://example.com/product/915,Negative
"THE GAMING MOUSE ISN'T BAD, ISN'T GREAT EITHER, JUST REASONABLE LIKE MOST IN THIS PRICE RANGE.",Neutral
"Not what I expected initially, but this laptop backpack turned out great after a week of use.",Positive
GREAT ELECTRIC KETTLE!!! WONDERFUL PERFORMANCE AND LOOKS STYLISH TOO. SO HAPPY WITH THIS PURCHASE. ðŸ˜Š,Positive
"THE RUNNING SHOES FEELS DISAPPOINTING AND CHEAP, DEFINITELY NOT WORTH THE PRICE TAG. Check it out here: https://example.com/product/991",Negative
the camera tripod looks great but the acceptable instructions were confusing at first.    ,Positive
"Really fantastic camera tripod, exactly as described on the website. Fast delivery too.",Positive
This has to be the most a waste of money book shelf I have ever owned. Sending it back. Check it out here: https://example.com/product/908,Negative
"Fast shipping, however the running shoes itself is broken, packaging couldn't save it. ðŸ˜¡",Negative
"this electric kettle has both good and bad points, overall it's standard for daily use. ðŸ˜¡",Neutral
"This hair dryer is nothing special. Not bad, not great, just an average purchase.",Neutral
"I regret buying this book shelf, it's cheaply made and not worth the money at all.",Negative
"THIS YOGA MAT IS POOR. STOPPED WORKING AFTER TWO DAYS, DO NOT BUY.",Negative
"Very unreliable experience with this water bottle, requesting a refund immediately.",Neutral
"REALLY FANTASTIC WIRELESS CHARGER, EXACTLY AS DESCRIBED ON THE WEBSITE. FAST DELIVERY TOO.",Positive
"I wanted to like this hair dryer, sadly it was broken and I'm returning it.",Negative
The air fryer looks great but the so-so instructions were confusing at first.,Positive
"Received the camera tripod on time. It's average, might consider other brands next time. ðŸ˜Š",Neutral
The hair dryer looked promising in photos but turned out useless once I opened the box.,Negative
"SHIPPING TOOK A WHILE BUT THE CAMERA TRIPOD ITSELF IS FANTASTIC, NO COMPLAINTS ON QUALITY.",Positive
the air fryer looks great but the reasonable instructions were confusing at first.,Positive
THE COFFEE MAKER LOOKS GREAT BUT THE ADEQUATE INSTRUCTIONS WERE CONFUSING AT FIRST.,Positive
"The running shoes exceeded my expectations, outstanding build quality and works perfectly :)",Positive
"THIS AIR FRYER HAS BOTH GOOD AND BAD POINTS, OVERALL IT'S AVERAGE FOR DAILY USE. ðŸ˜Š",Neutral
"The running shoes isn't bad, isn't great either, just reasonable like most in this price range.",Neutral
"Neither impressed nor disappointed with this hair dryer, it's just standard.",Neutral
"The phone case is nothing special, does what it says but nothing more.",Neutral
"The phone case feels broken and cheap, definitely not worth the price tag.",Negative
"THIS GAMING MOUSE HAS BOTH GOOD AND BAD POINTS, OVERALL IT'S ACCEPTABLE FOR DAILY USE.",Neutral
Absolutely love this office chair. It's fantastic and shipped fast too <br> great service. ðŸ˜Š Check it out here: https://example.com/product/239,Positive
This has to be the most broken air fryer I have ever owned. Sending it back.,Positive
"Received the running shoes on time. It's reasonable, might consider other brands next time.",Neutral
"The electric kettle is reasonable overall, packaging was nice but the product itself is unremarkable.",Neutral
"I regret buying this phone case, it's poor and not worth the money at all.",Negative
The camera tripod looks great but the okay instructions were confusing at first.,Positive
The book shelf looked promising in photos but turned out cheaply made once I opened the box.,Negative
"The desk lamp works as expected, standard for the price I guess. Check it out here: https://example.com/product/178",Neutral
"Shipping took a while but the gaming mouse itself is superb, no complaints on quality.",Positive
"Fast shipping, however the running shoes itself is frustrating, packaging couldn't save it.",Negative
"Do not waste your money on this laptop backpack, it is faulty and looks nothing like the photos.",Negative
"Fast shipping, however the kitchen blender itself is frustrating, packaging couldn't save it. Check it out here: https://example.com/product/537",Negative
"Fast shipping, however the bluetooth speaker itself is faulty, packaging couldn't save it. ðŸ˜Š",Negative
"I REGRET BUYING THIS YOGA MAT, IT'S CHEAPLY MADE AND NOT WORTH THE MONEY AT ALL. Check it out here: https://example.com/product/671",Negative
"This electric kettle has both good and bad points, overall it's so-so for daily use. ðŸ˜Š",Neutral
"I wanted to like this running shoes, sadly it was terrible and I'm returning it.",Negative
"The laptop backpack exceeded my expectations, perfect build quality and works perfectly :) ðŸ˜¡",Positive
"the phone case isn't bad, isn't great either, just acceptable like most in this price range. Check it out here: https://example.com/product/131",Neutral
"I regret buying this desk lamp, it's faulty and not worth the money at all.    ",Negative
"The wireless charger isn't bad, isn't great either, just decent like most in this price range.",Neutral
"This gaming mouse is durable, customer support was also super helpful when I had a question.",Positive
"Do not waste your money on this office chair, it is broken and looks nothing like the photos. Check it out here: https://example.com/product/215",Negative
"Shipping took a while but the hair dryer itself is amazing, no complaints on quality.",Positive
"Really impressive water bottle, exactly as described on the website. Fast delivery too. ðŸ˜Š Check it out here: https://example.com/product/323    ",Positive
"Fast shipping, however the smartwatch itself is broken, packaging couldn't save it.",Negative
The water bottle looked promising in photos but turned out awful once I opened the box.,Positive
Absolutely love this book shelf. It's superb and shipped fast too <br> great service.,Positive
This has to be the most a waste of money bluetooth speaker I have ever owned. Sending it back. ðŸ˜¡,Negative
"i'm so disappointed, this phone case is terrible compared to the reviews i read online.",Negative
"THE WIRELESS EARBUDS FEELS BROKEN AND CHEAP, DEFINITELY NOT WORTH THE PRICE TAG.",Negative
"The yoga mat feels disappointing and cheap, definitely not worth the price tag.",Negative
"Very horrible experience with this smartwatch, requesting a refund immediately.",Negative
The water bottle looked promising in photos but turned out flimsy once I opened the box.,Negative
"The office chair isn't bad, isn't great either, just so-so like most in this price range.",Neutral
"I'm so disappointed, this wireless charger is broken compared to the reviews I read online.",Negative
I was skeptical at first but this hair dryer turned out to be outstanding. Buying another one! Check it out here: https://example.com/product/146,Positive
"I regret buying this running shoes, it's a waste of money and not worth the money at all.",Negative
Absolutely love this book shelf. It's worth every penny and shipped fast too <br> great service.,Positive
"I have mixed feelings about this air fryer, some features are good others are so-so.",Neutral
"THE KITCHEN BLENDER ISN'T BAD, ISN'T GREAT EITHER, JUST REASONABLE LIKE MOST IN THIS PRICE RANGE.",Neutral
"MY FAMILY LOVES THIS DESK LAMP, ITS AWESOME AND EASY TO USE. WILL BUY AGAIN.",Positive
"I regret buying this running shoes, it's terrible and not worth the money at all. ðŸ˜¡",Negative
"This wireless charger is awful. Stopped working after two days, do NOT buy.",Positive
This has to be the most subpar electric kettle I have ever owned. Sending it back.,Negative
"This coffee maker is okay. Not bad, not great, just an average purchase.",Neutral
"THE AIR FRYER IS REASONABLE OVERALL, PACKAGING WAS NICE BUT THE PRODUCT ITSELF IS UNREMARKABLE. ðŸ˜¡",Neutral
"Not what I expected initially, but this yoga mat turned out excellent after a week of use. ðŸ˜Š",Positive
"This camera tripod is horrible. Stopped working after two days, do NOT buy. ðŸ˜¡",Negative
"The running shoes isn't bad, isn't great either, just acceptable like most in this price range.",Neutral
"Not what I expected initially, but this winter jacket turned out superb after a week of use.",Positive
"Shipping took a while but the camera tripod itself is superb, no complaints on quality. Check it out here: https://example.com/product/412",Positive
Absolutely love this bluetooth speaker. It's reliable and shipped fast too <br> great service.,Positive
"THE SMARTWATCH ISN'T BAD, ISN'T GREAT EITHER, JUST REASONABLE LIKE MOST IN THIS PRICE RANGE. ðŸ˜Š",Neutral
"I wanted to like this camera tripod, sadly it was frustrating and I'm returning it.",Negative
I was skeptical at first but this electric kettle turned out to be worth every penny. Buying another one!,Positive
"The hair dryer feels poor adn cheap, definitely not worth the price tag.",Negative
"The phone case isn't bad, isn't great eitehr, just acceptable like most in this price range.",Neutral
"The wireless earbuds is average, does what it says but nothing more.",Neutral
"My family loves this office chair, its top-notch and easy to use. Will buy again.",Positive
"The office chair works as expected, nothing special for the price I guess.",Neutral
"This wireless charger is so-so. Not bad, not great, just an average purchase. Check it out here: https://example.com/product/864",Neutral
This wireless earbuds is awesome! I use it every day and it never disappoints.,Positive
"This book shelf has both good and bad points, overall it's okay for daily use.",Neutral
"Not what I expected initially, but this office chair turned out awesome after a week of use. ðŸ˜¡",Positive
"I wanted to like this coffee maker, sadly it was flimsy and I'm returning it.",Negative
"The running shoes exceeded my expectations, fantastic build quality and works perfectly :)",Positive
"The desk lamp isn't bad, isn't great either, just so-so like most in this price range.",Neutral
"NEITHER IMPRESSED NOR DISAPPOINTED WITH THIS HAIR DRYER, IT'S JUST REASONABLE.",Neutral
"It's a adequate camera tripod, gets the job done but the design could be better.",Neutral
"awful quality control, my winter jacket broke within a week of normal use.    ",Negative
This air fryer is worth every penny! I use it every day and it never disappoints.,Positive
"NOT WHAT I EXPECTED INITIALLY, BUT THIS BLUETOOTH SPEAKER TURNED OUT PERFECT AFTER A WEEK OF USE.",Positive
"The gaming mouse exceeded my expectations, impressive build quality and works perfectly :)",Positive
"The bluetooth speaker is so-so, does what it says but nothing more.",Neutral
"Fast shipping, however the laptop backpack itself is cheaply made, packaging couldn't save it.",Negative
The book shelf looks great but the fine instructions were confusing at first.,Positive
"Do not waste your money on this water bottle, it is subpar and looks nothing like the photos.",Negative
Great phone case!!! top-notch performance and looks stylish too. So happy with this purchase.,Positive
"I'm so disappointed, this hair dryer is unreliable compared to the reviews I read online. Check it out here: https://example.com/product/651",Negative
The coffee maker looks great but the okay instructions were confusing at first.,Positive
"Not what I expected initially, but this book shelf turned out solid after a week of use.",Positive
I was skeptical at first but this camera tripod turned out to be amazing. Buying another one!,Positive
"I WANTED TO LIKE THIS GAMING MOUSE, SADLY IT WAS POOR AND I'M RETURNING IT. ðŸ˜¡",Negative
"The office chair isn't bad, isn't great either, just decent like most in this price range.",Neutral
"The air fryer feels unreliable and cheap, definitely not worth the price tag. ðŸ˜¡",Negative
"It's a so-so electric kettle, gets the job done but the design could be better.",Neutral
"This book shelf is okay. Not bad, not great, just an average purchase. ðŸ˜¡    ",Neutral
"The phone case is average, does what it says but nothing more.",Neutral
"The phone case exceeded my expectations, great build quality and works perfectly :)",Positive
"Not what I expected initially, but this yoga mat turned out great after a week of use. ðŸ˜¡",Positive
Great yoga mat!!! superb performance and looks stylish too. So happy with this purchase.    ,Positive
"This kitchen blender is nothing special. Not bad, not great, just an average purchase. ðŸ˜Š",Neutral
"The phone case isn't bad, isn't great either, just reasonable like most in this price range.",Neutral
"Very awful experience with this running shoes, requesting a refund immediately.",Negative
"The water bottle feels unreliable and cheap, definitely not worth the price tag.",Negative
"RECEIVED THE PHONE CASE ON TIME. IT'S OKAY, MIGHT CONSIDER OTHER BRANDS NEXT TIME.",Neutral
"This running shoes has both good and bad points, overall it's so-so for daily use.",Neutral
"The smartwatch exceeded my expectations, amazing build quality and works perfectly :)",Positive
"Received the laptop backpack on time. It's standard, might consider other brands next time.",Positive
"a waste of money quality control, my wireless earbuds broke within a week of normal use.",Negative
This has to be the most awful gaming mouse I have ever owned. Sending it back.,Negative
"Shipping took a while but the electric kettle itself is durable, no complaints on quality.",Positive
"Best desk lamp I've ever purchased, fantastic value for the price. 5 stars!",Positive
"The air fryer works as expected, okay for the price I guess.",Positive
"Shipping took a while but the book shelf itself is fantastic, no complaints on quality. ðŸ˜Š",Positive
"Not what I expected initially, but this kitchen blender turned out perfect after a week of use.",Positive
"Shipping took a while but the bluetooth speaker itself is worth every penny, no complaints on quality. Check it out here: https://example.com/product/710",Positive
"Not what I expected initially, but this running shoes turned out great after a week of use.    ",Positive
Great yoga mat!!! wonderful performance and looks stylish too. So happy with this purchase.,Positive
"horrible quality control, my desk lamp broke within a week of normal use. ðŸ˜¡",Negative
"The air fryer isn't bad, isn't great either, just standard like most in this price range.    ",Neutral
I was skeptical at first but this desk lamp turned out to be amazing. Buying another one!,Positive
The coffee maker looked promising in photos but turned out awful once I opened the box. ðŸ˜Š,Negative
"Shipping took a while but the bluetooth speaker itself is outstanding, no complaints on quality.",Positive
AN REASONABLE KITCHEN BLENDER THAT DOES THE BASIC JOB WITHOUT ANY EXTRA FEATURES. ðŸ˜Š,Neutral
The electric kettle arrived damaged and customer service was frustrating about resolving it.,Negative
"THE WIRELESS CHARGER ISN'T BAD, ISN'T GREAT EITHER, JUST OKAY LIKE MOST IN THIS PRICE RANGE.",Neutral
"It's a adequate coffee maker, gets the job done but the design could be better. ðŸ˜¡",Neutral
"This book shelf has both good and bad points, overall it's fine for daily use.",Neutral
ABSOLUTELY LOVE THIS WIRELESS CHARGER. IT'S SOLID AND SHIPPED FAST TOO <BR> GREAT SERVICE.,Positive
"Do not waste your money on this air fryer, it is broken and looks nothing like the photos.    ",Negative
The desk lamp arrived damaged and customer service was cheaply made about resolving it. Check it out here: https://example.com/product/200,Negative
"THIS WIRELESS EARBUDS HAS BOTH GOOD AND BAD POINTS, OVERALL IT'S SO-SO FOR DAILY USE.",Neutral
"THE DESK LAMP IS REASONABLE, DOES WHAT IT SAYS BUT NOTHING MORE.",Neutral
"REALLY SOLID BLUETOOTH SPEAKER, EXACTLY AS DESCRIBED ON THE WEBSITE. FAST DELIVERY TOO.",Positive
This has to be the most poor electric kettle I have ever owned. Sending it back.,Negative
"Do not waste your money on this laptop backpack, it is broken and looks nothing like the photos. ðŸ˜¡",Negative
This bluetooth speaker is solid! I use it every day and it never disappoints.,Positive
"Shipping took a while but the electric kettle itself is impressive, no complaints on quality.",Positive
Absolutely love this air fryer. It's reliable and shipped fast too <br> great service.,Neutral
"Do not waste your money on this wireless earbuds, it is useless and looks nothing like the photos. ðŸ˜Š",Negative
"Shipping took a while but the air fryer itself is amazing, no complaints on quality.",Negative
"My family loves this electric kettle, its perfect and easy to use. Will buy again.",Positive
"The yoga mat is standard, does what it says but nothing more.",Neutral
"This hair dryer has both good adn bad points, overall it's okay for daily use.",Neutral
"Neither impressed nor disappointed with this desk lamp, it's just reasonable.",Neutral
"The desk lamp feels broken and cheap, definitely not worth the price tag.",Negative
I was skeptical at first but this water bottle turned out to be wonderful. Buying another one!,Positive
i bought this camera tripod last month and it has been reliable. highly recommend!!!,Positive
"The bluetooth speaker feels awful and cheap, definitely not worth the price tag.",Negative
"Really impressive smartwatch, exactly as described on the website. Fast delivery too.",Positive
"this running shoes has both good and bad points, overall it's reasonable for daily use.",Neutral
"THIS BLUETOOTH SPEAKER IS OUTSTANDING, CUSTOMER SUPPORT WAS ALSO SUPER HELPFUL WHEN I HAD A QUESTION.",Positive
"The air fryer exceeded my expectations, outstanding build quality and works perfectly :)",Positive
"faulty qualtiy control, my camera tripod broke within a week of normal use.",Negative
"This smartwatch has both good and bad points, overall it's nothing special for daily use.",Neutral
"Received the book shelf on time. It's okay, might consider other brands next time.",Neutral
"terrible quality control, my electric kettle broke within a week of normal use. ðŸ˜¡",Negative
"Not what I expected initially, but this water bottle turned out worth every penny after a week of use.",Positive
"The hair dryer exceeded my expectations, wonderful build quality and works perfectly :)",Positive
"Neither impressed nor disappointed with this hair dryer, it's just fine.",Neutral
"The winter jacket feels disappointing and cheap, definitely not worth the price tag.",Negative
"THE CAMERA TRIPOD FEELS HORRIBLE AND CHEAP, DEFINITELY NOT WORTH THE PRICE TAG. Check it out here: https://example.com/product/646    ",Negative
"The wireless charger isn't bad, isn't great either, just decent like most in this price range. Check it out here: https://example.com/product/596",Neutral
"Neither impressed nor disappointed with this desk lamp, it's just fine.",Neutral
"Shipping took a while but the winter jacket itself is wonderful, no complaints on quality.",Positive
"this water bottle has both good adn bad points, overall it's decent for daily use.",Neutral
"Best phone case I've ever purchased, perfect value for the price. 5 stars!",Positive
An decent office chair that does the basic job without any extra features.,Neutral
"subpar quality control, my air fryer broke within a week of normal use.",Negative
"This bluetooth speaker has both good and bad points, overall it's reasonable for daily use.",Neutral
The camera tripod looks great but the nothing special instructions were confusing at first.,Positive
"faulty quality control, my water bottle broke within a week of normal use.",Negative
"BEST BLUETOOTH SPEAKER I'VE EVER PURCHASED, OUTSTANDING VALUE FOR THE PRICE. 5 STARS!",Positive
"Shipping took a while but the phone case itself is awesome, no complaints on quality.",Positive
"The coffee maker is average overall, packaging was nice but the product itself is unremarkable.",Neutral
"Fast shipping, however the bluetooth speaker itself is unreliable, packaging couldn't save it. Check it out here: https://example.com/product/284",Negative
"VERY POOR EXPERIENCE WITH THIS RUNNING SHOES, REQUESTING A REFUND IMMEDIATELY.",Negative
"disappointing quality control, my yoga mat broke within a week of normal use. Check it out here: https://example.com/product/910",Negative
"IT'S A REASONABLE KITCHEN BLENDER, GETS THE JOB DONE BUT THE DESIGN COULD BE BETTER.",Neutral
"Shipping took a while but the yoga mat itself is excellent, no complaints on quality.",Positive
"Very terrible experience with this laptop backpack, requesting a refund immediately.",Negative
"The yoga mat isn't bad, isn't great either, just okay like most in this price range.",Neutral
"neither impressed nor disappointed with this book shelf, it's just average.",Neutral
"I have mixed feelings about this yoga mat, some features are good others are reasonable. Check it out here: https://example.com/product/382",Neutral
THE DESK LAMP LOOKS GREAT BUT THE ACCEPTABLE INSTRUCTIONS WERE CONFUSING AT FIRST.,Positive
THE ELECTRIC KETTLE LOOKS GREAT BUT THE ACCEPTABLE INSTRUCTIONS WERE CONFUSING AT FIRST.,Positive
AN FINE WIRELESS CHARGER THAT DOES THE BASIC JOB WITHOUT ANY EXTRA FEATURES.,Neutral
"I'm so disappointed, this coffee maker is disappointing compared to the reviews I read online.",Negative
"Best kitchen blender I've ever purchased, reliable value for the price. 5 stars!",Positive
"my family loves this air fryer, its perfect and easy to use. will buy again. Check it out here: https://example.com/product/463",Positive
"The gaming mouse isn't bad, isn't great either, just so-so like most in this price range.",Neutral
"Fast shipping, however the desk lamp itself is useless, packaging couldn't save it.",Negative
I BOUGHT THIS COFFEE MAKER LAST MONTH AND IT HAS BEEN SUPERB. HIGHLY RECOMMEND!!!,Positive
"the wireless charger isn't bad, isn't great either, just adequate like most in this price range.",Neutral
"broken quality control, my yoga mat broke within a week of normal use.",Negative
"SHIPPING TOOK A WHILE BUT THE BOOK SHELF ITSELF IS WONDERFUL, NO COMPLAINTS ON QUALITY.",Positive
"fast shipping, however the bluetooth speaker itself is faulty, packaging couldn't save it.",Negative
Great kitchen blender!!! solid performance and looks stylish too. So happy with this purchase.,Positive
The coffee maker looked promising in photos but turned out poor once I opened the box.,Negative
I was skeptical at first but this desk lamp turned out to be fantastic. Buying another one!,Positive
"the coffee maker isn't bad, isn't great either, just okay like most in this price range. ðŸ˜Š",Neutral
"Not what I expected initially, but this wireless earbuds turned out fantastic after a week of use.",Positive
"The electric kettle is adequate, does what it says but nothing more.",Neutral
i was skeptical at first but this kitchen blender turned out to be superb. buying another one!,Positive
This water bottle is perfect! I use it every day and it never disappoints.,Positive
I BOUGHT THIS WIRELESS EARBUDS LAST MONTH AND IT HAS BEEN TOP-NOTCH. HIGHLY RECOMMEND!!!,Positive
"THIS YOGA MAT IS OKAY. NOT BAD, NOT GREAT, JUST AN AVERAGE PURCHASE. Check it out here: https://example.com/product/458",Neutral
"I wanted to like this book shelf, sadly it was broken and I'm returning it.    ",Negative
"Not what I expected initially, but this camera tripod turned out superb after a week of use.",Positive
"The book shelf is nothing special, does what it says but nothing more.",Negative
Absolutely love this hair dryer. It's amazing and shipped fast too <br> great service.    ,Positive
"The office chair functions fine, okay experience overall, would not rate it higher.",Neutral
This has to be the most awful book shelf I have ever owned. Sending it back. Check it out here: https://example.com/product/769,Negative
"I have mixed feelings about this desk lamp, some features are good others are reasonable.",Neutral
"This camera tripod has both good and bad points, overall it's so-so for daily use.",Neutral
"BEST GAMING MOUSE I'VE EVER PURCHASED, GREAT VALUE FOR THE PRICE. 5 STARS!",Positive
"My family loves this office chair, its wonderful and easy to use. Will buy again.",Positive
The air fryer looked promising in photos but turned out poor once I opened the box. ðŸ˜Š,Negative
I was skeptical at first but this desk lamp turned out to be wonderful. Buying another one! ðŸ˜¡,Positive
"This kitchen blender is average. Not bad, not great, just an average purchase.",Neutral
The desk lamp looked promising in photos but turned out a waste of money once I opened the box.,Negative
"It's a acceptable winter jacket, gets the job done but the design could be better.",Neutral
"This electric kettle is terrible. Stopped working after two days, do NOT buy.",Negative
Absolutely love this bluetooth speaker. It's worth every penny and shipped fast too <br> great service.,Positive
"best desk lamp i've ever purchased, great value for teh price. 5 stars!",Positive
"The gaming mouse feels a waste of money and cheap, definitely not worth the price tag.",Negative
"Very poor experience with this wireless charger, requesting a refund immediately. Check it out here: https://example.com/product/748",Negative
Absolutely love this desk lamp. It's amazing and shipped fast too <br> great service.,Positive
THIS HAS TO BE THE MOST USELESS SMARTWATCH I HAVE EVER OWNED. SENDING IT BACK.,Negative
ABSOLUTELY LOVE THIS HAIR DRYER. IT'S OUTSTANDING AND SHIPPED FAST TOO <BR> GREAT SERVICE.,Positive
Extremely useless!! The laptop backpack stopped charging and support never responded.,Negative
"I'm so disappointed, this wireless earbuds is terrible compared to the reviews I read online.",Negative
"this book shelf has both good and bad points, overall it's average for daily use.",Neutral
"The water bottle functions fine, decent experience overall, would not rate it higher.",Neutral
"This smartwatch is top-notch, customer support was also super helpful when I had a question. ðŸ˜Š    ",Positive
"Shipping took a while but the gaming mouse itself is superb, no complaints on quality. ðŸ˜Š",Positive
"Very horrible experience with this yoga mat, requesting a refund immediately.",Negative
"Fast shipping, however the kitchen blender itself is frustrating, packaging couldn't save it.",Negative
GREAT WATER BOTTLE!!! TOP-NOTCH PERFORMANCE AND LOOKS STYLISH TOO. SO HAPPY WITH THIS PURCHASE. ðŸ˜¡,Positive
"Received the kitchen blender on time. It's average, might consider other brands next time.",Neutral
"My family loves this smartwatch, its durable and easy to use. Will buy again.",Positive
"The phone case is okay overall, packaging was nice but the product itself is unremarkable.",Neutral
"I have mixed feelings about this hair dryer, some features are good others are fine. ðŸ˜Š",Neutral
"I wanted to like this hair dryer, sadly it was useless and I'm returning it. Check it out here: https://example.com/product/552",Negative
"Do not waste your money on this smartwatch, it is flimsy and looks nothing like the photos.",Negative
Great hair dryer!!! solid performance and looks stylish too. So happy with this purchase.,Positive
"I regret buying this air fryer, it's frustrating and not worth the money at all.",Negative
"the wireless charger is average, does what it says but nothing more.",Neutral
The desk lamp looked promising in photos but turned out poor once I opened the box.,Negative
"Very frustrating experience with this air fryer, requesting a refund immediately.",Negative
Great office chair!!! awesome performance and looks stylish too. So happy with this purchase.,Positive
"THIS YOGA MAT IS REASONABLE. NOT BAD, NOT GREAT, JUST AN AVERAGE PURCHASE.",Neutral
"My family loves this gaming mouse, its wonderful and easy to use. Will buy again. Check it out here: https://example.com/product/295",Positive
"do not waste your money on this air fryer, it is defective and looks nothing like the photos.",Negative
The bluetooth speaker looked promising in photos but turned out unreliable once I opened the box.,Negative
Absolutely love this electric kettle. It's outstanding and shipped fast too <br> great service.,Positive
"RECEIVED THE COFFEE MAKER ON TIME. IT'S SO-SO, MIGHT CONSIDER OTHER BRANDS NEXT TIME. Check it out here: https://example.com/product/510",Neutral
Extremely horrible!! The laptop backpack stopped charging and support never responded.,Negative
"It's a reasonable winter jacket, gets the job done but the design could be better. ðŸ˜Š",Negative
"poor quality control, my smartwatch broke within a week of normal use.",Negative
"shipping took a while but the yoga mat itself is great, no complaints on quality.",Positive
absolutely love this air fryer. it's perfect and shipped fast too <br> great service.,Positive
"This phone case has both good and bad points, overall it's decent for daily use.",Neutral
THIS WIRELESS CHARGER IS TOP-NOTCH! I USE IT EVERY DAY AND IT NEVER DISAPPOINTS.,Positive
"Fast shipping, however the winter jacket itself is cheaply made, packaging couldn't save it.",Negative
"I'M SO DISAPPOINTED, THIS ELECTRIC KETTLE IS HORRIBLE COMPARED TO THE REVIEWS I READ ONLINE.    ",Negative
The book shelf looks great but the decent instructions were confusing at first.,Positive
"the winter jacket is so-so, does what it says but nothing more.",Neutral
"Really superb running shoes, exactly as described on the website. Fast delivery too.",Positive
AN ACCEPTABLE SMARTWATCH THAT DOES THE BASIC JOB WITHOUT ANY EXTRA FEATURES.,Neutral
THE YOGA MAT ARRIVED DAMAGED AND CUSTOMER SERVICE WAS TERRIBLE ABOUT RESOLVING IT. ðŸ˜Š,Negative
"This coffee maker is so-so. Not bad, not great, just an average purchase.",Neutral
"My family loves this yoga mat, its top-notch and easy to use. Will buy again. ðŸ˜¡",Negative
The winter jacket looked promising in photos but turned out poor once I opened the box.,Negative
"this yoga mat is impressive, customer support was also super helpful when i had a question.",Positive
"FAST SHIPPING, HOWEVER THE BOOK SHELF ITSELF IS POOR, PACKAGING COULDN'T SAVE IT.",Negative
"I wanted to like this air fryer, sadly it was unreliable and I'm returning it.",Negative
I bought this laptop backpack last month and it has been amazing. Highly recommend!!!,Positive
The camera tripod looked promising in photos but turned out awful once I opened the box.,Negative
"Best bluetooth speaker I've ever purchased, outstanding value for the price. 5 stars! ðŸ˜Š",Positive
"I'm so disappointed, this coffee maker is poor compared to the reviews I read online.",Negative
"THE HAIR DRYER ISN'T BAD, ISN'T GREAT EITHER, JUST STANDARD LIKE MOST IN THIS PRICE RANGE.",Neutral
"The water bottle isn't bad, isn't great either, just okay like most in this price range.",Neutral
I bought this book shelf last month and it has been superb. Highly recommend!!!,Positive
"This book shelf has both good and bad points, overall it's acceptable for daily use.",Neutral
"Received the running shoes on time. It's decent, might consider other brands next time. ðŸ˜¡",Neutral
"Fast shipping, however teh winter jacket itself is cheaply made, packaging couldn't save it.",Negative
"Neither impressed nor disappointed with this smartwatch, it's just fine.",Neutral
"RECEIVED THE DESK LAMP ON TIME. IT'S SO-SO, MIGHT CONSIDER OTHER BRANDS NEXT TIME.",Neutral
"It's a standard desk lamp, gets the job done but the design could be better. ðŸ˜¡ Check it out here: https://example.com/product/904",Neutral
"the smartwatch exceeded my expectations, worth every penny build quality and works perfectly :)",Positive
"This wireless charger has both good and bad points, overall it's adequate for daily use.",Neutral
"Shipping took a while but the coffee maker itself is perfect, no complaints on quality.",Positive
"not what i expected initially, but this office chair turned out outstanding after a week of use.",Positive
"The phone case isn't bad, isn't great either, just decent like most in this price range.",Neutral
"The wireless charger works as expected, so-so for the price I guess. ðŸ˜Š Check it out here: https://example.com/product/666",Neutral
"Fast shipping, however the desk lamp itself is awful, packaging couldn't save it.",Negative
An standard yoga mat that does the basic job without any extra features.,Neutral
"THE KITCHEN BLENDER WORKS AS EXPECTED, STANDARD FOR THE PRICE I GUESS.",Neutral
AN FINE DESK LAMP THAT DOES THE BASIC JOB WITHOUT ANY EXTRA FEATURES.,Neutral
"THIS WATER BOTTLE IS AVERAGE. NOT BAD, NOT GREAT, JUST AN AVERAGE PURCHASE.",Neutral
The wireless charger looked promising in photos but turned out frustrating once I opened the box.,Negative
"My family loves this running shoes, its excellent and easy to use. Will buy again.",Positive
"Fast shipping, however the water bottle itself is poor, packaging couldn't save it.",Negative
"Neither impressed nor disappointed with this office chair, it's just decent. Check it out here: https://example.com/product/330",Neutral
"THE BLUETOOTH SPEAKER FEELS FRUSTRATING AND CHEAP, DEFINITELY NOT WORTH THE PRICE TAG.",Negative
"THE KITCHEN BLENDER IS DECENT, DOES WHAT IT SAYS BUT NOTHING MORE.    ",Neutral
"Do not waste your money on this laptop backpack, it is useless and looks nothing like the photos.",Negative
"The smartwatch isn't bad, isn't great either, just fine like most in this price range.",Neutral
"SHIPPING TOOK A WHILE BUT THE CAMERA TRIPOD ITSELF IS PERFECT, NO COMPLAINTS ON QUALITY.",Positive
"This running shoes is disappointing. Stopped working after two days, do NOT buy. ðŸ˜¡",Negative
"THE LAPTOP BACKPACK IS ACCEPTABLE, DOES WHAT IT SAYS BUT NOTHING MORE.",Neutral
"Really superb running shoes, exactly as described on the website. Fast delivery too.    ",Positive
The running shoes looked promising in photos but turned out useless once I opened the box.,Negative
"This air fryer has both good and bad points, overall it's standard for daily use.",Neutral
This has to be the most poor coffee maker I have ever owned. Sending it back. Check it out here: https://example.com/product/782,Negative
Extremely horrible!! The hair dryer stopped charging and support never responded. ðŸ˜¡,Negative
"The hair dryer is fine, does what it says but nothing more.",Neutral
"Fast shipping, however the book shelf itself is awful, packaging couldn't save it.",Negative
"This phone case has both good and bad points, overall it's standard for daily use. ðŸ˜¡",Neutral
"IT'S A STANDARD GAMING MOUSE, GETS THE JOB DONE BUT THE DESIGN COULD BE BETTER.",Neutral
"This phone case has both good and bad points, overall it's okay for daily use.",Neutral
"NEITHER IMPRESSED NOR DISAPPOINTED WITH THIS BLUETOOTH SPEAKER, IT'S JUST AVERAGE.",Positive
The bluetooth speaker arrived damaged and customer service was unreliable about resolving it.,Negative
The gaming mouse looks great but the so-so instructions were confusing at first.,Positive
"Best office chair I've ever purchased, fantastic value for the price. 5 stars!",Positive
"The smartwatch works as expected, acceptable for the price I guess.",Neutral
"Fast shipping, however the yoga mat itself is subpar, packaging couldn't save it.",Negative
"This gaming mouse is cheaply made. Stopped working after two days, do NOT buy.",Negative
I bought this hair dryer last month and it has been wonderful. Highly recommend!!!,Positive
"Neither impressed nor disappointed with this coffee maker, it's just adequate. ðŸ˜¡",Neutral
"The wireless earbuds is fine, does what it says but nothing more. Check it out here: https://example.com/product/509",Neutral
"I have mixed feelings about this book shelf, some features are good others are average.",Neutral
"The hair dryer is okay overall, packaging was nice but the product itself is unremarkable.",Neutral
"REALLY OUTSTANDING ELECTRIC KETTLE, EXACTLY AS DESCRIBED ON THE WEBSITE. FAST DELIVERY TOO.",Positive
"This bluetooth speaker has both good and bad points, overall it's fine for daily use. ðŸ˜¡",Neutral
"The phone case isn't bad, isn't great either, just okay like most in this price range. Check it out here: https://example.com/product/759",Neutral
"cheaply made quality control, my bluetooth speaker broke within a week of normal use.",Negative
"THE WATER BOTTLE WORKS AS EXPECTED, REASONABLE FOR THE PRICE I GUESS.",Neutral
I bought this running shoes last month and it has been solid. Highly recommend!!!,Neutral
"Shipping took a while but the book shelf itself is fantastic, no complaints on quality.",Positive
the book shelf looked promising in photos but turned out disappointing once i opened the box.,Negative
I WAS SKEPTICAL AT FIRST BUT THIS WATER BOTTLE TURNED OUT TO BE TOP-NOTCH. BUYING ANOTHER ONE!,Positive
"The running shoes exceeded my expectations, top-notch build quality and works perfectly :)",Positive
"The wireless charger is decent, does what it says but nothing more. ðŸ˜Š",Neutral
"The water bottle isn't bad, isn't great eitehr, just nothing special like most in this price range.",Neutral
Great wireless charger!!! excellent performance adn looks stylish too. So happy with this purchase.,Positive
"This kitchen blender is average. Not bad, not great, just an average purchase. Check it out here: https://example.com/product/860",Neutral
"Received teh wireless earbuds on time. It's decent, might consider otehr bradns next time.",Neutral
The electric kettle looked promising in photos but turned out disappointing once I opened the box.,Negative
"This office chair is decent. Not bad, not great, just an average purchase.",Neutral
The camera tripod arrived damaged and customer service was poor about resolving it. Check it out here: https://example.com/product/946,Negative
"Do not waste your money on this winter jacket, it is broken and looks nothing like the photos.",Negative
"The running shoes isn't bad, isn't great either, just fine like most in this price range.",Neutral
"I'm so disappointed, this coffee maker is subpar compared to the reviews I read online.",Negative
"this gaming mouse has both good and bad points, overall it's acceptable for daily use. ðŸ˜¡",Neutral
This kitchen blender is worth every penny! I use it every day and it never disappoints.,Positive
this has to be the most terrible wireless earbuds i have ever owned. sending it back.,Negative
"really reliable gaming mouse, exactly as described on the website. fast delivery too.",Positive
"Best kitchen blender I've ever purchased, perfect value for the price. 5 stars!",Positive
"TERRIBLE QUALITY CONTROL, MY WIRELESS CHARGER BROKE WITHIN A WEEK OF NORMAL USE.",Negative
"the bluetooth speaker functions fine, decent experience overall, would not rate it higher.",Neutral
"NEITHER IMPRESSED NOR DISAPPOINTED WITH THIS AIR FRYER, IT'S JUST REASONABLE.",Neutral
Absolutely love this electric kettle. It's impressive adn shipped fast too <br> great service.,Positive
"REALLY IMPRESSIVE PHONE CASE, EXACTLY AS DESCRIBED ON THE WEBSITE. FAST DELIVERY TOO.",Positive
"The office chair is stadnard, does what it says but nothing more.",Neutral
EXTREMELY FRUSTRATING!! THE WIRELESS CHARGER STOPPED CHARGING AND SUPPORT NEVER RESPONDED. ðŸ˜Š,Negative
"This bluetooth speaker is poor. Stopped working after two days, do NOT buy.",Negative
"faulty quality control, my electric kettle broke within a week of normal use.",Neutral
"The gaming mouse functions fine, decent experience overall, would not rate it higher.",Neutral
An reasonable phone case that does the basic job without any extra features.,Neutral
Extremely horrible!! The wireless charger stopped charging and support never responded.    ,Negative
"My family loves this water bottle, its awesome and easy to use. Will buy again.",Neutral
"This gaming mouse has both good and bad points, overall it's reasonable for daily use.",Neutral
"The hair dryer isn't bad, isn't great either, just so-so like most in this price range. Check it out here: https://example.com/product/109",Neutral
This has to be the most defective hair dryer I have ever owned. Sending it back.,Negative
"My family loves this coffee maker, its top-notch and easy to use. Will buy again.",Positive
"I wanted to like this electric kettle, sadly it was unreliable and I'm returning it.",Negative
"The winter jacket feels frustrating and cheap, definitely not worth the price tag. Check it out here: https://example.com/product/509",Negative
"I'm so disappointed, this book shelf is flimsy compared to the reviews I read online.",Neutral
"this wireless earbuds is awesome, customer support was also super helpful when i had a question.    ",Positive
I WAS SKEPTICAL AT FIRST BUT THIS WATER BOTTLE TURNED OUT TO BE IMPRESSIVE. BUYING ANOTHER ONE!,Positive
This yoga mat is fantastic! I use it every day and it never disappoints.,Positive
"I'm so disappointed, this water bottle is terrible compared to the reviews I read online.",Negative
"This water bottle is worth every penny, customer support was also super helpful when I had a question.",Positive
"this kitchen blender is flimsy. stopped working after two days, do not buy.",Negative
This electric kettle is top-notch! I use it every day and it never disappoints.,Positive
"My family loves this water bottle, its fantastic and easy to use. Will buy again.",Positive
"The electric kettle isn't bad, isn't great either, just fine like most in this price range.",Neutral
"Do not waste your money on this wireless earbuds, it is defective and looks nothing like the photos.",Negative
The running shoes arrived damaged and customer service was frustrating about resolving it. ðŸ˜Š,Negative
I bought this electric kettle last month and it has been perfect. Highly recommend!!!,Positive
The hair dryer looks great but the acceptable instructions were confusing at first.,Positive
"The bluetooth speaker exceeded my expectations, wonderful build quality and works perfectly :)",Positive
"The laptop backpack works as expected, reasonable for the price I guess.",Neutral
Extremely subpar!! The phone case stopped charging adn support never responded.,Negative
"this winter jacket is excellent, customer support was also super helpful when i had a question.",Positive
Great laptop backpack!!! awesome performance and looks stylish too. So happy with this purchase. ðŸ˜Š,Positive
I bought this coffee maker last month and it has been amazing. Highly recommend!!!,Neutral
"Shipping took a while but the hair dryer itself is awesome, no complaints on quality.",Positive
"Fast shipping, however the phone case itself is broken, packaging couldn't save it.",Negative
"I wanted to like this phone case, sadly it was frustrating and I'm returning it.",Negative
"fast shipping, however the bluetooth speaker itself is subpar, packaging couldn't save it.",Negative
"It's a adequate gaming mouse, gets the job done but the design could be better.",Neutral
"shipping took a while but the wireless earbuds itself is wonderful, no complaints on quality.",Positive
"The coffee maker works as expected, fine for the price I guess.    ",Neutral
I was skeptical at first but this winter jacket turned out to be great. Buying another one!,Positive
"It's a nothing special yoga mat, gets the job done but the design could be better.",Neutral
"i regret buying this wireless earbuds, it's frustrating and not worth the money at all.",Negative
THIS AIR FRYER IS RELIABLE! I USE IT EVERY DAY AND IT NEVER DISAPPOINTS.,Positive
"Neither impressed nor disappointed with this phone case, it's just adequate.",Neutral
"This camera tripod has both good and bad points, overall it's fine for daily use.",Neutral
"This bluetooth speaker has both good and bad points, overall it's okay for daily use. Check it out here: https://example.com/product/952",Neutral
"My family loves this camera tripod, its superb and easy to use. Will buy again.",Positive
"This smartwatch is a waste of money. Stopped working after two days, do NOT buy.",Neutral
This camera tripod is awesome! I use it every day and it never disappoints. ðŸ˜¡,Positive
"Very defective experience with this laptop backpack, requesting a refund immediately.",Negative
This office chair is solid! I use it every day and it never disappoints.,Positive
"I have mixed feelings about this water bottle, some features are good others are fine.",Negative
"Do not waste your money on this bluetooth speaker, it is unreliable and looks nothing like the photos.",Negative
"cheaply made quality control, my water bottle broke within a week of normal use.",Negative
This has to be the most awful kitchen blender I have ever owned. Sending it back.    ,Negative
teh kitchen blender looked promising in photos but turned out flimsy once i opened teh box.,Negative
"I wanted to like this air fryer, sadly it was horrible and I'm returning it.",Negative
"Shipping took a while but the hair dryer itself is fantastic, no complaints on quality.",Positive
"MY FAMILY LOVES THIS LAPTOP BACKPACK, ITS WONDERFUL AND EASY TO USE. WILL BUY AGAIN.",Positive
"The hair dryer exceeded my expectations, worth every penny build quality and works perfectly :)",Positive
"THE BOOK SHELF ISN'T BAD, ISN'T GREAT EITHER, JUST DECENT LIKE MOST IN THIS PRICE RANGE.",Neutral
"The yoga mat isn't bad, isn't great either, just average like most in this price range.",Neutral
"The wireless earbuds is decent, does what it says but nothing more.",Neutral
"My family loves this kitchen blender, its perfect and easy to use. Will buy again.",Positive
I bought this kitchen blender last month and it has been solid. Highly recommend!!!,Positive
"Really excellent bluetooth speaker, exactly as described on the website. Fast delivery too.",Positive
I was skeptical at first but this yoga mat turned out to be worth every penny. Buying another one!,Positive
"Do not waste your money on this office chair, it is faulty and looks nothing like the photos.",Negative
"Not what I expected initially, but this yoga mat turned out durable after a week of use.",Negative
"This office chair has both good and bad points, overall it's decent for daily use. Check it out here: https://example.com/product/308",Neutral
THE AIR FRYER LOOKED PROMISING IN PHOTOS BUT TURNED OUT FLIMSY ONCE I OPENED THE BOX.,Negative
"Very unreliable experience with this winter jacket, requesting a refund immediately.",Negative
"The book shelf is okay overall, packaging was nice but the product itself is unremarkable.",Neutral
"I wanted to like this office chair, sadly it was defective and I'm returning it. ðŸ˜Š",Negative
ABSOLUTELY LOVE THIS CAMERA TRIPOD. IT'S EXCELLENT AND SHIPPED FAST TOO <BR> GREAT SERVICE.,Positive
"Received the smartwatch on time. It's okay, might consider other brands next time.",Neutral
The wireless earbuds looked promising in photos but turned out subpar once I opened the box.,Negative
"The kitchen blender is adequate, does what it says but nothing more.",Neutral
THIS CAMERA TRIPOD IS DURABLE! I USE IT EVERY DAY AND IT NEVER DISAPPOINTS.    ,Positive
Extremely terrible!! The air fryer stopped charging adn support never responded.,Negative
An reasonable wireless charger that does the basic job without any extra features.,Neutral
"Neither impressed nor disappointed with this smartwatch, it's just reasonable.",Neutral
"The phone case works as expected, acceptable for the price I guess. ðŸ˜Š",Neutral
the yoga mat looks great but the so-so instructions were confusing at first.,Positive
"SHIPPING TOOK A WHILE BUT THE WINTER JACKET ITSELF IS EXCELLENT, NO COMPLAINTS ON QUALITY.",Positive
"received the camera tripod on time. it's acceptable, might consider other brands next time.",Neutral
"THE PHONE CASE FEELS BROKEN AND CHEAP, DEFINITELY NOT WORTH THE PRICE TAG.",Negative
"Really outstanding coffee maker, exactly as described on the website. Fast delivery too.",Positive
The running shoes looks great but teh adequate instructions were confusing at first. ðŸ˜Š,Positive
"The winter jacket isn't bad, isn't great either, just standard like most in this price range.",Neutral
"DO NOT WASTE YOUR MONEY ON THIS BLUETOOTH SPEAKER, IT IS SUBPAR AND LOOKS NOTHING LIKE THE PHOTOS.",Negative
"Neither impressed nor disappointed with this winter jacket, it's just average.",Neutral
extremely broken!! teh laptop backpack stopped charging adn support never responded.,Negative
"i'm so disappointed, this running shoes is disappointing compared to the reviews i read online.",Negative
"BEST GAMING MOUSE I'VE EVER PURCHASED, OUTSTANDING VALUE FOR THE PRICE. 5 STARS!",Positive
"The book shelf isn't bad, isn't great either, just average like most in this price range.",Neutral
"Really great kitchen blender, exactly as described on teh website. Fast delivery too.",Positive
"I wanted to like this running shoes, sadly it was a waste of money and I'm returning it.",Negative
I was skeptical at first but this electric kettle turned out to be excellent. Buying another one!,Positive
"I have mixed feelings about this camera tripod, some features are good others are acceptable. Check it out here: https://example.com/product/220",Neutral
the laptop backpack looked promising in photos but turned out unreliable once i opened the box. Check it out here: https://example.com/product/340,Negative
"Fast shipping, however the wireless earbuds itself is useless, packaging couldn't save it.",Negative
"The gaming mouse is decent, does what it says but nothing more.",Neutral
"received the camera tripod on time. it's adequate, might consider other brands next time.",Neutral
"I wanted to like this gaming mouse, sadly it was terrible and I'm returning it.",Negative
the camera tripod looked promising in photos but turned out a waste of money once i opened the box. ðŸ˜¡,Negative
"The smartwatch isn't bad, isn't great either, just nothing special like most in this price range. ðŸ˜¡",Neutral
"This book shelf is unreliable. Stopped working after two days, do NOT buy.",Negative
"REALLY WONDERFUL COFFEE MAKER, EXACTLY AS DESCRIBED ON THE WEBSITE. FAST DELIVERY TOO. Check it out here: https://example.com/product/350",Positive
"I have mixed feelings about this gaming mouse, some features are good others are fine.",Neutral
"THE AIR FRYER WORKS AS EXPECTED, STANDARD FOR THE PRICE I GUESS.",Neutral
"Not what I expected initially, but this kitchen blender turned out wonderful after a week of use. ðŸ˜¡",Positive
"The winter jacket functions fine, average experience overall, would not rate it higher. Check it out here: https://example.com/product/723",Neutral
"Not what I expected initially, but this wireless earbuds turned out awesome after a week of use.",Positive
"Very broken experience with this electric kettle, requesting a refund immediately.    ",Negative
"i'm so disappointed, this phone case is disappointing compared to the reviews i read online.",Negative
"SHIPPING TOOK A WHILE BUT THE PHONE CASE ITSELF IS WORTH EVERY PENNY, NO COMPLAINTS ON QUALITY. ðŸ˜Š",Positive
"The air fryer is adequate, does what it says but nothing more.",Neutral
"Not what I expected initially, but this coffee maker turned out great after a week of use.",Positive
"The laptop backpack exceeded my expectations, great build quality and works perfectly :)",Positive
"The office chair isn't bad, isn't great either, just standard like most in this price range.",Neutral
I bought this camera tripod last month and it has been awesome. Highly recommend!!!,Positive
"Not what I expected initially, but this yoga mat turned out impressive after a week of use. ðŸ˜Š",Positive
"Best coffee maker I've ever purchased, worth every penny value for the price. 5 stars!",Positive
"The desk lamp isn't bad, isn't great either, just nothing special like most in this price range.",Neutral
"the office chair functions fine, reasonable experience overall, would not rate it higher. ðŸ˜¡",Neutral
"I regret buying this air fryer, it's poor and not worth the money at all.",Negative
"The electric kettle works as expected, nothing special for the price I guess. ðŸ˜Š",Neutral
"Do not waste your money on this wireless charger, it is awful and looks nothing like the photos.",Negative
"The air fryer exceeded my expectations, awesome build quality and works perfectly :)",Positive
"Very useless experience with this wireless charger, requesting a refund immediately. Check it out here: https://example.com/product/486",Negative
The office chair arrived damaged and customer service was terrible about resolving it.,Negative
"This yoga mat has both good and bad points, overall it's reasonable for daily use. ðŸ˜¡",Neutral
"The kitchen blender is adequate overall, packaging was nice but the product itself is unremarkable.",Neutral
"Not what I expected initially, but this wireless earbuds turned out top-notch after a week of use. ðŸ˜Š",Positive
I bought this electric kettle last month and it has been wonderful. Highly recommend!!!,Positive
The water bottle looks great but the adequate instructions were confusing at first.,Negative
"Best phone case I've ever purchased, superb value for the price. 5 stars!",Positive
An standard book shelf that does the basic job without any extra features. Check it out here: https://example.com/product/120,Neutral
"THIS BOOK SHELF HAS BOTH GOOD AND BAD POINTS, OVERALL IT'S ADEQUATE FOR DAILY USE.",Neutral
"I'm so disappointed, this yoga mat is a waste of money compared to the reviews I read online.",Negative
"BEST DESK LAMP I'VE EVER PURCHASED, TOP-NOTCH VALUE FOR THE PRICE. 5 STARS!",Positive
"Shipping took a while but the hair dryer itself is durable, no complaints on quality.",Positive
"This coffee maker has both good adn bad points, overall it's acceptable for daily use.",Neutral
this bluetooth speaker is durable! i use it every day and it never disappoints.,Positive
"I have mixed feelings about this coffee maker, some features are good others are average.",Neutral
"I HAVE MIXED FEELINGS ABOUT THIS DESK LAMP, SOME FEATURES ARE GOOD OTHERS ARE ADEQUATE.",Neutral
I bought this phone case last month and it has been worth every penny. Highly recommend!!!,Positive
ABSOLUTELY LOVE THIS DESK LAMP. IT'S PERFECT AND SHIPPED FAST TOO <BR> GREAT SERVICE.,Positive
"Best camera tripod I've ever purchased, excellent value for the price. 5 stars!",Positive
"I have mixed feelings about this camera tripod, some features are good others are okay. ðŸ˜Š",Neutral
"My family loves this kitchen blender, its excellent and easy to use. Will buy again.",Positive
"The gaming mouse functions fine, nothing special experience overall, would not rate it higher.",Neutral
"fast shipping, however the camera tripod itself is unreliable, packaging couldn't save it.",Negative
"Received the electric kettle on time. It's decent, might consider other brands next time. Check it out here: https://example.com/product/762",Neutral
"The kitchen blender feels a waste of money and cheap, definitely not worth the price tag.",Negative
"Neither impressed nor disappointed with this gaming mouse, it's just nothing special.",Neutral
Absolutely love this running shoes. It's superb and shipped fast too <br> great service.,Positive
"Not what I expected initially, but this coffee maker turned out worth every penny after a week of use.",Positive
"Shipping took a while but the laptop backpack itself is reliable, no complaints on quality.",Positive
"Not what I expected initially, but this yoga mat turned out outstanding after a week of use. Check it out here: https://example.com/product/166",Positive
The water bottle looks great but the average instructions were confusing at first.,Positive
This has to be the most unreliable yoga mat I have ever owned. Sending it back. ðŸ˜¡ Check it out here: https://example.com/product/297,Negative
"Not what I expected initially, but this yoga mat turned out great after a week of use.",Positive
"I'm so disappointed, this coffee maker is awful compared to the reviews I read online.",Negative
"The kitchen blender is okay, does what it says but nothing more. ðŸ˜¡",Neutral
The phone case arrived damaged and customer service was awful about resolving it. Check it out here: https://example.com/product/129,Negative
"The phone case works as expected, adequate for the price I guess.",Positive
I was skeptical at first but this gaming mouse turned out to be perfect. Buying another one!    ,Positive
The hair dryer looked promising in photos but turned out a waste of money once I opened the box.,Negative
"Not what I expected initially, but this coffee maker turned out excellent after a week of use. ðŸ˜¡",Positive
THE HAIR DRYER LOOKS GREAT BUT THE NOTHING SPECIAL INSTRUCTIONS WERE CONFUSING AT FIRST.,Positive
The wireless charger looks great but the reasonable instructions were confusing at first. ðŸ˜¡,Positive
"I wanted to like this coffee maker, sadly it was awful and I'm returning it.",Negative
"Shipping took a while but the laptop backpack itself is amazing, no complaints on quality.",Positive
"The bluetooth speaker is so-so overall, packaging was nice but the product itself is unremarkable.",Neutral
The desk lamp looked promising in photos but turned out defective once I opened the box.,Negative
"Shipping took a while but the office chair itself is impressive, no complaints on quality.",Positive
"THIS WIRELESS EARBUDS HAS BOTH GOOD AND BAD POINTS, OVERALL IT'S ADEQUATE FOR DAILY USE.",Neutral
"I HAVE MIXED FEELINGS ABOUT THIS YOGA MAT, SOME FEATURES ARE GOOD OTHERS ARE NOTHING SPECIAL.",Neutral
"THE RUNNING SHOES IS ACCEPTABLE OVERALL, PACKAGING WAS NICE BUT THE PRODUCT ITSELF IS UNREMARKABLE. Check it out here: https://example.com/product/214",Neutral
"BEST WATER BOTTLE I'VE EVER PURCHASED, RELIABLE VALUE FOR THE PRICE. 5 STARS!",Positive
AN DECENT WINTER JACKET THAT DOES THE BASIC JOB WITHOUT ANY EXTRA FEATURES.,Neutral
"THE RUNNING SHOES IS ADEQUATE, DOES WHAT IT SAYS BUT NOTHING MORE.",Positive
The electric kettle arrived damaged and customer service was useless about resolving it.,Negative
"Best wireless charger I've ever purchased, fantastic value for the price. 5 stars!",Positive
"flimsy quality control, my office chair broke within a week of normal use.",Negative
THIS HAS TO BE THE MOST FLIMSY BLUETOOTH SPEAKER I HAVE EVER OWNED. SENDING IT BACK.,Negative
"SHIPPING TOOK A WHILE BUT THE WINTER JACKET ITSELF IS SOLID, NO COMPLAINTS ON QUALITY.",Positive
"The office chair is acceptable, does what it says but nothing more.",Neutral
"The kitchen blender is so-so, does what it says but nothing more. Check it out here: https://example.com/product/309",Neutral
"This desk lamp has both good adn bad points, overall it's adequate for daily use.",Neutral
THE KITCHEN BLENDER LOOKS GREAT BUT THE DECENT INSTRUCTIONS WERE CONFUSING AT FIRST.,Positive
"VERY BROKEN EXPERIENCE WITH THIS LAPTOP BACKPACK, REQUESTING A REFUND IMMEDIATELY.",Negative
The desk lamp looks great but the reasonable instructions were confusing at first.,Positive
"The gaming mouse exceeded my expectations, outstanding build quality and works perfectly :)",Positive
Absolutely love this book shelf. It's perfect and shipped fast too <br> great service.,Positive
"The camera tripod is acceptable overall, packaging was nice but the product itself is unremarkable. ðŸ˜Š",Neutral
"i have mixed feelings about this winter jacket, some features are good others are nothing special.",Neutral
"This camera tripod has both good and bad points, overall it's average for daily use.",Positive
"This wireless charger has both good and bad points, overall it's okay for daily use.",Neutral
"Do not waste your money on this camera tripod, it is subpar and looks nothing like the photos. ðŸ˜Š Check it out here: https://example.com/product/380",Negative
"I wanted to like this electric kettle, sadly it was subpar and I'm returning it.",Negative
"I wanted to like this coffee maker, sadly it was frustrating and I'm returning it.",Negative
"I regret buying this camera tripod, it's poor and not worth the money at all.",Positive
"I wanted to like this bluetooth speaker, sadly it was awful and I'm returning it.",Negative
"Not what I expected initially, but this book shelf turned out top-notch after a week of use.",Positive
"BEST AIR FRYER I'VE EVER PURCHASED, IMPRESSIVE VALUE FOR THE PRICE. 5 STARS!",Positive
"The phone case exceeded my expectations, outstanding build quality and works perfectly :)",Positive
The book shelf looked promising in photos but turned out frustrating once I opened the box.,Negative
"The wireless charger isn't bad, isn't great either, just okay like most in this price range.",Neutral
"The phone case isn't bad, isn't great either, just fine like most in this price range. Check it out here: https://example.com/product/545",Neutral
"It's a acceptable yoga mat, gets the job done but the design could be better.",Neutral
"I wanted to like this air fryer, sadly it was poor and I'm returning it.",Negative
The coffee maker looked promising in photos but turned out terrible once I opened the box.,Negative
"This kitchen blender has both good and bad points, overall it's reasonable for daily use.",Neutral
"This office chair has both good adn bad points, overall it's okay for daily use.",Neutral
The wireless charger looks great but the nothing special instructions were confusing at first.,Positive
"I WANTED TO LIKE THIS CAMERA TRIPOD, SADLY IT WAS BROKEN AND I'M RETURNING IT.",Negative
"Really impressive gaming mouse, exactly as described on teh website. Fast delivery too.",Positive
Extremely faulty!! The book shelf stopped charging and support never responded.,Negative
"Do not waste your money on this camera tripod, it is terrible and looks nothing like the photos.",Negative
"Fast shipping, however the air fryer itself is awful, packaging couldn't save it.",Negative
"Shipping took a while but the winter jacket itself is impressive, no complaints on quality.",Positive
"I REGRET BUYING THIS GAMING MOUSE, IT'S AWFUL AND NOT WORTH THE MONEY AT ALL. ðŸ˜Š",Negative
